"Sample","Site","Region","Glaze_or_slip_color","Ware","Provenance","Al2O3","As2O3","BaO","CaO","Cl","CoO","Cr2O3","CuO","FeO","K2O","MgO","MnO","MoO3","Na2O","NiO2","P2O5","PbO","Sb2O3","SiO2","SnO2","SO3","TiO2","ZnO","Count","alkali","Ware_type"
"5149","Bust","Southern Afghanistan","Transparent","Slipware","Type A",2.91,NA,NA,2.41,NA,NA,NA,NA,1.17,0.702,0.601,NA,NA,0.802,NA,NA,57.6,NA,33.8,NA,NA,NA,NA,0,7.425,"Transparent"
"5155","Bust","Southern Afghanistan","Transparent","Slipware","Type A",2.49,NA,NA,0.996,NA,NA,NA,NA,NA,0.498,0.498,NA,NA,0.598,NA,NA,62.7,NA,32.2,NA,NA,NA,NA,0,5.08,"Transparent"
"5165","Bust","Southern Afghanistan","Transparent","Slipware","Type A",3.4,NA,NA,1.09,NA,NA,NA,NA,NA,0.53,0.45,NA,NA,0.6,NA,NA,66,NA,28,NA,NA,NA,NA,0,6.07,"Transparent"
"5181","Bust","Southern Afghanistan","Transparent","Slipware","Type A",3.11,NA,NA,1.9,NA,NA,NA,NA,NA,1.9,0.802,NA,NA,1.09,NA,NA,56.1,NA,35.1,NA,NA,NA,NA,0,8.802,"Transparent"
"5193","Bust","Southern Afghanistan","Transparent","Slipware","Type A",2,NA,NA,0.902,NA,NA,NA,NA,NA,NA,NA,NA,NA,0.802,NA,NA,67.1,NA,29.2,NA,NA,NA,NA,0,3.704,"Transparent"
"5197","Bust","Southern Afghanistan","","Underglaze","Type C",1.1,NA,NA,3.51,NA,NA,NA,1.8,NA,2.51,1.66,NA,NA,3.81,NA,NA,36.1,NA,45.5,4.01,NA,NA,NA,0,12.59,"Transparent"
"5208","Bust","Southern Afghanistan","Transparent","Slipware","Type A",2.99,NA,NA,1.39,NA,NA,NA,NA,NA,0.896,0.498,NA,NA,0.598,NA,NA,61.8,NA,31.9,NA,NA,NA,NA,0,6.372,"Transparent"
"5210","Bust","Southern Afghanistan","Transparent","Slipware","Type A",3.03,NA,NA,1.21,NA,NA,NA,NA,0.999,NA,0.495,NA,NA,0.404,NA,NA,63.6,NA,30.3,NA,NA,NA,NA,0,5.139,"Transparent"
"5211","Bust","Southern Afghanistan","Transparent","Slipware","Type A",4.99,NA,NA,1.3,NA,NA,NA,NA,NA,1.2,0.798,NA,NA,0.898,NA,NA,56.9,NA,33.9,NA,NA,NA,NA,0,9.186,"Transparent"
"5219","Laskhar-i Bazar","Southern Afghanistan","Transparent","Slipware","Type A",1.6,NA,NA,1.3,NA,NA,NA,NA,NA,0.47,NA,NA,NA,0.8,NA,NA,63.6,NA,32.2,NA,NA,NA,NA,0,4.17,"Transparent"
"5224","Laskhar-i Bazar","Southern Afghanistan","Transparent","Slipware","Type A",1.81,NA,NA,0.704,NA,NA,NA,NA,NA,NA,NA,NA,NA,NA,NA,NA,68.3,NA,29.1,NA,NA,NA,NA,0,2.514,"Transparent"
"5233","Laskhar-i Bazar","Southern Afghanistan","","Slipware","Type B",4.02,NA,NA,NA,NA,NA,NA,NA,1.27,1.21,0.603,NA,NA,0.452,NA,NA,66.3,NA,26.1,NA,NA,NA,NA,0,6.285,"Transparent"
"5241","Bust","Southern Afghanistan","","Undetermined","",3.49,NA,NA,2.89,NA,NA,NA,3.29,1.26,1.5,1.06,NA,NA,0.498,NA,NA,52.8,NA,33.2,NA,NA,NA,NA,0,9.438,"Other"
"5248","Bust","Southern Afghanistan","Transparent","Monochrome","Type A",5.1,NA,NA,1.66,NA,NA,NA,2.3,NA,0.44,0.9,NA,NA,0.5,NA,NA,53.1,NA,36,NA,NA,NA,NA,0,8.6,"Transparent"
"Akhsiket 15/1.1","Akhsiket","Ferghana Valley","Green","Slipware",NA,1.5,NA,NA,0.699,NA,NA,NA,3.4,0,0.0999,0,NA,NA,0,NA,NA,59.8,NA,34.5,NA,NA,0,NA,0,2.2989,"Transparent"
"Akhsiket 15/1.1","Akhsiket","Ferghana Valley","Red","Slipware",NA,1.5,NA,NA,1.3,NA,NA,NA,0,1.17,0,0,NA,NA,0,NA,NA,62.6,NA,33.4,NA,NA,0,NA,0,2.8,"Transparent"
"Akhsiket 15/1.1","Akhsiket","Ferghana Valley","Transparent","Slipware",NA,1.4,NA,NA,0.8,NA,NA,NA,0,0,0,0,NA,NA,0,NA,NA,62.2,NA,35.2,NA,NA,0.4,NA,0,2.2,"Transparent"
"Akhsiket 15/1.1","Akhsiket","Ferghana Valley","Yellow","Slipware",NA,1.7,NA,NA,0.799,NA,NA,NA,0,0.27,0.3,0,NA,NA,0,NA,NA,63.9,NA,33.1,NA,NA,0,NA,0,2.799,"Transparent"
"Akhsiket 23 surface, Kiln rod green glaze","Akhsiket","Ferghana Valley","","Kiln Furniture",NA,3.2,NA,NA,3,NA,NA,NA,1.7,0.991,1.8,0.601,NA,NA,0.2,NA,NA,48.2,NA,40.3,NA,NA,NA,NA,0,8.801,"Other"
"Akhsiket 23/10a.1","Akhsiket","Ferghana Valley","Black","Underglaze",NA,3.8,NA,NA,6.81,1.1,NA,NA,0,1.17,7.91,2.8,1.6,NA,7.31,NA,0,1e-05,NA,67.4,NA,0,0.1,NA,0,28.63,"Transparent"
"Akhsiket 23/10b.3","Akhsiket","Ferghana Valley","Blue","Ishkor",NA,3.7,NA,NA,4.9,0.9,NA,NA,7.1,1.17,3.7,1.9,1.4,NA,7.7,NA,0,1e-05,NA,67.3,NA,0.2,0,NA,0,21.9,"Opaque"
"Akhsiket 23/10b.3","Akhsiket","Ferghana Valley","Lilac","Ishkor",NA,4.22,NA,NA,7.64,0.301,NA,NA,2.11,1.63,3.82,3.32,1.81,NA,6.63,NA,0,1e-05,NA,68.5,NA,0,0,NA,0,25.63,"Opaque"
"Akhsiket 23/11a.2","Akhsiket","Ferghana Valley","Black","Slipware",NA,2.9,NA,NA,0.701,NA,NA,NA,NA,1.17,1.8,0,0.1,NA,0.2,NA,NA,49.4,NA,43.8,NA,NA,NA,NA,0,5.601,"Transparent"
"Akhsiket 23/11a.2","Akhsiket","Ferghana Valley","Transparent","Slipware",NA,3,NA,NA,0.6,NA,NA,NA,NA,0,1.6,0,0,NA,0.1,NA,NA,52.8,NA,41.9,NA,NA,NA,NA,0,5.3,"Transparent"
"Akhsiket 23/11a.3","Akhsiket","Ferghana Valley","Grey","Monochrome",NA,3.3,NA,NA,0.3,NA,NA,NA,NA,0,1.1,0.0999,NA,NA,0,NA,NA,52.3,NA,42.9,NA,NA,NA,NA,0,4.7999,"Transparent"
"Akhsiket 23/11c.1","Akhsiket","Ferghana Valley","Lilac","Ishkor",NA,6.51,NA,NA,3.005,0.4005,NA,NA,NA,1.98,7.51,1.7005,1.3005,NA,3.605,NA,NA,1e-05,NA,73.95,NA,NA,0,NA,0,22.3305,"Opaque"
"Akhsiket 23/12.10","Akhsiket","Ferghana Valley","Green","Monochrome",NA,1.9,NA,NA,3.2,NA,NA,NA,3.4,0.855,2.25,0.6,NA,NA,0.85,NA,0,49.7,NA,37.25,NA,NA,0,NA,0,8.8,"Transparent"
"Akhsiket 23/12.13","Akhsiket","Ferghana Valley","Olive","Slipware",NA,2.5,NA,NA,0.7,NA,NA,NA,NA,0.09,0.8,0,NA,NA,0,NA,NA,59.1,NA,36.8,NA,NA,NA,NA,0,4,"Transparent"
"Akhsiket 23/12.13","Akhsiket","Ferghana Valley","Red","Slipware",NA,2.5,NA,NA,0.7,NA,NA,NA,NA,0.27,0.6,0,NA,NA,0,NA,NA,59.1,NA,36.8,NA,NA,NA,NA,0,3.8,"Transparent"
"Akhsiket 23/12.13","Akhsiket","Ferghana Valley","Transparent","Slipware",NA,2.3,NA,NA,0.4,NA,NA,NA,NA,0.18,1.1,0,NA,NA,0.1,NA,NA,59.7,NA,36.2,NA,NA,NA,NA,0,3.9,"Transparent"
"Akhsiket 23/12.15","Akhsiket","Ferghana Valley","Black","Slipware - Samanid",NA,8.55,NA,NA,1.01,NA,NA,NA,NA,2.81,1.31,0.402,0.402,NA,0.503,NA,NA,45.7,NA,39.3,NA,NA,0,NA,0,11.775,"Transparent"
"Akhsiket 23/12.15","Akhsiket","Ferghana Valley","Transparent","Slipware - Samanid",NA,4,NA,NA,0.8,NA,NA,NA,NA,0.45,0.9,0.1,0,NA,0.3,NA,NA,54,NA,39.4,NA,NA,0,NA,0,6.1,"Transparent"
"Akhsiket 23/12.2","Akhsiket","Ferghana Valley","Brown","Slipware",NA,4.91,NA,NA,0.802,NA,NA,NA,NA,2.35,1.1,0.1,0.902,NA,0.1,NA,NA,47.8,NA,41.9,NA,NA,0,NA,0,7.012,"Transparent"
"Akhsiket 23/12.2","Akhsiket","Ferghana Valley","Transparent","Slipware",NA,5.29,NA,NA,0.899,NA,NA,NA,NA,0,1.2,0.0999,0,NA,0.2,NA,NA,46.5,NA,45.9,NA,NA,0,NA,0,7.6889,"Transparent"
"Akhsiket 23/13.3","Akhsiket","Ferghana Valley","Black","Slipware - Samanid",NA,2.9,NA,NA,0.5,NA,NA,NA,NA,1.62,1.7,0,1.5,NA,0.6,NA,NA,49.3,NA,41.8,NA,NA,NA,NA,0,5.7,"Transparent"
"Akhsiket 23/13.3","Akhsiket","Ferghana Valley","Transparent","Slipware - Samanid",NA,2.6,NA,NA,1,NA,NA,NA,NA,0,1.7,0,0,NA,0.8,NA,NA,54.1,NA,39.8,NA,NA,NA,NA,0,6.1,"Transparent"
"Akhsiket 23/14.1","Akhsiket","Ferghana Valley","Blue","Ishkor",NA,3.7,NA,NA,6.3,0.4,NA,NA,6.7,1.08,5.7,2.7,1.5,NA,5.2,NA,0.2,1e-05,NA,66.5,NA,0,0,NA,0,23.6,"Opaque"
"Akhsiket 23/14.1","Akhsiket","Ferghana Valley","Lilac","Ishkor",NA,4.01,NA,NA,6.72,0.702,NA,NA,0,1.44,6.52,2.51,1.6,NA,6.62,NA,0,1e-05,NA,69.8,NA,0,0.1,NA,0,26.38,"Opaque"
"Akhsiket 23/14.17","Akhsiket","Ferghana Valley","Blue","Ishkor",NA,4.45,NA,NA,4.905,0.5005,NA,NA,3.8,0.8105,5.455,2.25,1.1,NA,6.605,NA,NA,1e-05,NA,70.15,NA,NA,0,NA,0,23.665,"Opaque"
"Akhsiket 23/14.4","Akhsiket","Ferghana Valley","Black","Slipware",NA,4.2,NA,NA,2.2,NA,NA,NA,NA,0.9,2.6,0.1,0.1,NA,1.1,NA,NA,45.4,NA,43.4,NA,NA,NA,NA,0,10.2,"Transparent"
"Akhsiket 23/14.4","Akhsiket","Ferghana Valley","Olive","Slipware",NA,3.1,NA,NA,0.899,NA,NA,0.0826,NA,0.18,2,0.3,NA,NA,0.7,NA,NA,50.1,NA,42.7,NA,NA,NA,NA,0,6.999,"Transparent"
"Akhsiket 23/14.4","Akhsiket","Ferghana Valley","Transparent","Slipware",NA,4.1,NA,NA,0.9,NA,NA,NA,NA,0.09,2.4,0.2,NA,NA,1,NA,NA,47.2,NA,44.1,NA,NA,NA,NA,0,8.6,"Transparent"
"Akhsiket 23/15.1","Akhsiket","Ferghana Valley","Black","Slipware - Samanid",NA,3.61,NA,NA,0.501,NA,NA,NA,NA,1.98,1.7,0,0.601,NA,0.301,NA,0,47.1,NA,44.2,NA,NA,0,NA,0,6.112,"Transparent"
"Akhsiket 23/15.1","Akhsiket","Ferghana Valley","Red","Slipware - Samanid",NA,2.8,NA,NA,0.2,NA,NA,NA,NA,0.81,1.2,0,0,NA,0.2,NA,0,51.4,NA,43.4,NA,NA,0,NA,0,4.4,"Transparent"
"Akhsiket 23/15.1","Akhsiket","Ferghana Valley","Transparent","Slipware - Samanid",NA,3.61,NA,NA,0.501,NA,NA,NA,NA,1.26,1.5,0.401,0.1,NA,0,NA,0,49.9,NA,42.8,NA,NA,0,NA,0,6.012,"Transparent"
"Akhsiket 23/15.2","Akhsiket","Ferghana Valley","Blue","Ishkor",NA,3.4,NA,NA,6.455,1,NA,NA,1.7505,0.9905,6.205,2.7,1.7,NA,7.105,NA,NA,1e-05,NA,68.7,NA,NA,NA,NA,0,25.865,"Opaque"
"Akhsiket 23/16.1","Akhsiket","Ferghana Valley","Olive","Slipware",NA,1.1,NA,NA,0.2,NA,NA,NA,NA,0.36,0,0,NA,NA,0,NA,NA,69.6,NA,28.7,NA,NA,NA,NA,0,1.3,"Transparent"
"Akhsiket 23/16.1","Akhsiket","Ferghana Valley","Red","Slipware",NA,0.9,NA,NA,0,NA,NA,NA,NA,0,0,0,NA,NA,0,NA,NA,70,NA,29.1,NA,NA,NA,NA,0,0.9,"Transparent"
"Akhsiket 23/16.3","Akhsiket","Ferghana Valley","Brown","Slipware - Samanid",NA,3.11,NA,NA,0.502,NA,NA,NA,NA,2.17,1.51,NA,0.702,NA,0.401,NA,NA,49.2,NA,42.4,NA,NA,NA,NA,0,5.523,"Transparent"
"Akhsiket 23/16.3","Akhsiket","Ferghana Valley","Transparent","Slipware - Samanid",NA,3,NA,NA,0.5,NA,NA,NA,NA,0,1.4,NA,NA,NA,0,NA,NA,51.8,NA,43.3,NA,NA,NA,NA,0,4.9,"Transparent"
"Akhsiket 23/2 -8.1","Akhsiket","Ferghana Valley","Blue","Ishkor",NA,12.1,NA,NA,2.4,0,NA,NA,6.71,0.631,7.51,1.4,0.501,NA,5.11,NA,0,1e-05,NA,63,NA,0.301,0.301,NA,0,28.52,"Opaque"
"Akhsiket 23/2 -8.1","Akhsiket","Ferghana Valley","Lilac","Ishkor",NA,7.12,NA,NA,5.72,0.201,NA,NA,0,1.62,5.82,2.51,1.3,NA,8.12,NA,0,1e-05,NA,67.1,NA,0.201,0.301,NA,0,29.29,"Opaque"
"Akhsiket 23/2-8.17","Akhsiket","Ferghana Valley","Black","Slipware",NA,5.12,NA,NA,0.502,NA,NA,NA,NA,5.15,1.51,0,1.31,NA,0.201,NA,NA,49.4,NA,36.8,NA,NA,0,NA,0,7.333,"Transparent"
"Akhsiket 23/2-8.17","Akhsiket","Ferghana Valley","Transparent","Slipware",NA,3.71,NA,NA,0.703,NA,NA,NA,NA,0.813,0.803,0,0,NA,0,NA,NA,58.1,NA,35.8,NA,NA,0,NA,0,5.216,"Transparent"
"Akhsiket 23/2-8.3","Akhsiket","Ferghana Valley","Black","Slipware - Samanid",NA,4.85,NA,NA,0.506,NA,NA,NA,NA,10.2,1.62,0,2.33,NA,0.101,NA,NA,42.6,NA,37.8,NA,NA,0,NA,0,7.077,"Transparent"
"Akhsiket 23/2-8.3","Akhsiket","Ferghana Valley","Transparent","Slipware - Samanid",NA,3.4,NA,NA,0.599,NA,NA,NA,NA,0,1.3,0,0,NA,0.3,NA,NA,50.4,NA,44,NA,NA,0,NA,0,5.599,"Transparent"
"Akhsiket 23/2-8.5","Akhsiket","Ferghana Valley","Grey","Monochrome",NA,3.3,NA,NA,0.901,NA,NA,NA,NA,0.0901,2.1,0,NA,NA,0.501,NA,NA,50.9,NA,42.2,NA,NA,NA,NA,0,6.802,"Transparent"
"Akhsiket 23/20.2","Akhsiket","Ferghana Valley","Lilac","Ishkor",NA,3.3,NA,0,6.29,0.499,NA,0.0825,1.3,0.719,3.7,3,0.999,NA,11.9,NA,0.0999,1e-05,NA,68,NA,0.0999,0,NA,0,28.19,"Opaque"
"Akhsiket 23/20.6","Akhsiket","Ferghana Valley","Blue","Ishkor",NA,3.25,NA,NA,4.95,0.8,NA,NA,1.8,1.08,5,2.75,1.2,NA,9.05,NA,0.1,1e-05,NA,69.95,NA,NA,0.05,NA,0,25,"Opaque"
"Akhsiket 23/20.7","Akhsiket","Ferghana Valley","Green","Monochrome",NA,1.6,NA,NA,2.8,NA,NA,NA,1.3,1.08,2.5,0.2,NA,NA,0.901,NA,NA,52.7,NA,36.8,NA,NA,0.1,NA,0,8.001,"Transparent"
"Akhsiket 24/23","Akhsiket","Ferghana Valley","Black","Monochrome",NA,4.21,NA,NA,2,NA,NA,NA,0,1.71,2.81,0.701,3.61,NA,0.401,NA,NA,38.9,NA,45.7,NA,NA,NA,NA,0,10.122,"Transparent"
"Akhsiket 24/23","Akhsiket","Ferghana Valley","Green","Monochrome",NA,4.3,NA,NA,2.1,NA,NA,NA,1.9,0.989,2.7,0.599,0,NA,0.2,NA,NA,41.2,NA,46.1,NA,NA,NA,NA,0,9.899,"Transparent"
"Akhsiket 24/23","Akhsiket","Ferghana Valley","Transparent","Monochrome",NA,3.31,NA,NA,2.71,NA,NA,NA,0,0.902,2.61,0.701,0,NA,0.601,NA,NA,40.2,NA,49,NA,NA,NA,NA,0,9.932,"Transparent"
"Akhsiket 24/26","Akhsiket","Ferghana Valley","Black","Underglaze",NA,2.51,NA,NA,1.1,NA,NA,NA,NA,0.902,1.1,0.1,0.601,NA,0.501,NA,NA,56.9,NA,36.3,NA,NA,0,NA,0,5.311,"Transparent"
"Akhsiket 24/26","Akhsiket","Ferghana Valley","Red","Underglaze",NA,2.7,NA,NA,1.7,NA,NA,NA,NA,0.811,1,0.1,0,NA,0.601,NA,NA,57.5,NA,35.6,NA,NA,0,NA,0,6.101,"Transparent"
"Akhsiket 24/26","Akhsiket","Ferghana Valley","Transparent","Underglaze",NA,2,NA,NA,1,NA,NA,NA,NA,0,0.901,0,0,NA,0.501,NA,NA,60.2,NA,35.4,NA,NA,0,NA,0,4.402,"Transparent"
"Akhsiket 9/2.3","Akhsiket","Ferghana Valley","Green","Monochrome",NA,6.11,NA,NA,7.52,NA,NA,NA,2.11,3.07,3.31,1.2,NA,NA,0.501,NA,NA,32.1,NA,44,NA,NA,0.1,NA,0,18.641,"Transparent"
"Akhsiket 9/3.3","Akhsiket","Ferghana Valley","Black","Slipware",NA,3.81,NA,NA,0.601,NA,NA,NA,NA,3.61,2.2,0,1.9,NA,0.401,NA,NA,45.4,NA,42.1,NA,NA,NA,NA,0,7.012,"Transparent"
"Akhsiket 9/3.3","Akhsiket","Ferghana Valley","Red","Slipware",NA,2.9,NA,NA,0.6,NA,NA,NA,NA,0.72,2.7,0,0,NA,0.7,NA,NA,48.1,NA,44.3,NA,NA,NA,NA,0,6.9,"Transparent"
"Akhsiket 9/3.3","Akhsiket","Ferghana Valley","Transparent","Slipware",NA,3.79,NA,NA,0.299,NA,NA,NA,NA,0.18,3.19,0.0998,NA,NA,0.699,NA,NA,40.9,NA,50.8,NA,NA,NA,NA,0,8.0778,"Transparent"
"BKH20-58-9","Bukhara","Transoxiana","Brown","Slipware - Samanid","BUK",4.15,NA,NA,0.67,NA,NA,NA,NA,0.627,0.776,0.693,0.101,NA,0.399,NA,0.0399,54.5,NA,38,NA,NA,0.0581,NA,0,6.688,"Transparent"
"BKH20-58-9","Bukhara","Transoxiana","Olive","Slipware - Samanid","BUK",3.65,NA,NA,0.797,NA,NA,0.265,NA,0.511,0.26,0.515,0.379,NA,0.361,NA,0.455,55.5,NA,37.3,NA,NA,NA,NA,0,5.583,"Transparent"
"BKH20-58-9","Bukhara","Transoxiana","Transparent","Slipware - Samanid","BUK",3.16,NA,NA,1.26,NA,NA,NA,NA,0.542,1.19,NA,NA,NA,NA,NA,NA,54.6,NA,39.2,NA,NA,0.0146,NA,0,5.61,"Transparent"
"BKH20-87-21","Bukhara","Transoxiana","Green","Splashed","SAMK",3.47,NA,NA,1.35,NA,NA,NA,1.86,0.788,0.422,0.58,NA,NA,0.472,NA,NA,51.6,NA,39.5,NA,NA,NA,NA,0,6.294,"Transparent"
"BKH20-87-21","Bukhara","Transoxiana","Transparent","Splashed","SAMK",4.38,NA,NA,3,NA,NA,NA,NA,1.26,0.968,0.296,NA,NA,NA,NA,NA,51.1,NA,38.9,NA,NA,NA,NA,0,8.644,"Transparent"
"BKH20-93-15","Bukhara","Transoxiana","Brown","Slipware - Samanid","BUK",3.62,NA,NA,1.26,NA,NA,NA,NA,2.11,1.38,0.219,1.02,NA,0.593,NA,NA,50.6,NA,39.2,NA,NA,NA,NA,0,7.072,"Transparent"
"BKH20-93-15","Bukhara","Transoxiana","Transparent","Slipware - Samanid","BUK",4.31,NA,NA,1.09,NA,NA,NA,NA,0.681,0.783,0.518,NA,NA,0.935,NA,NA,50.4,NA,41.3,NA,NA,NA,NA,0,7.636,"Transparent"
"BKH20-94-2","Bukhara","Transoxiana","Green","Splashed","N/A",5.53,NA,NA,2.74,NA,NA,NA,2.72,1.53,1.5,0.354,NA,NA,0.611,NA,NA,46.9,NA,37.3,0.745,NA,NA,NA,0,10.735,"Transparent"
"BKH20-94-2","Bukhara","Transoxiana","Transparent","Splashed","N/A",6.4,NA,NA,5.17,NA,NA,NA,NA,1.73,2.29,0.462,NA,NA,0.836,NA,NA,37.7,NA,43.6,1.88,NA,NA,NA,0,15.158,"Transparent"
"BKH20-95-2","Bukhara","Transoxiana","Brown","Slipware - Samanid","N/A",3.92,NA,NA,0.878,NA,NA,NA,NA,0.659,0.777,0.527,2.06,NA,0.524,NA,NA,53.2,NA,37.3,NA,NA,0.118,NA,0,6.626,"Transparent"
"BKH20-95-2","Bukhara","Transoxiana","Transparent","Slipware - Samanid","N/A",3,NA,NA,1.2,NA,NA,NA,NA,0.505,1.7,NA,NA,NA,0.312,NA,NA,57.4,NA,35.8,NA,NA,0.0893,NA,0,6.212,"Transparent"
"BKH20-99-9","Bukhara","Transoxiana","Red","Slipware - Samanid","BUK",4.01,NA,NA,0.666,NA,NA,NA,NA,0.93,0.0637,0.526,NA,NA,0.285,NA,NA,56,NA,36.9,NA,NA,0.618,NA,0,5.5507,"Transparent"
"BKH20-99-9","Bukhara","Transoxiana","Transparent","Slipware - Samanid","BUK",3,NA,NA,0.782,NA,NA,NA,NA,1.17,0.442,NA,NA,NA,NA,NA,NA,55.5,NA,38.2,NA,NA,0.904,NA,0,4.224,"Transparent"
"BKH21-210-19","Bukhara","Transoxiana","Green","Slipware - Samanid","BUK A",4.04,NA,NA,0.653,NA,NA,NA,1.22,0.703,0.859,0.686,NA,NA,0.985,NA,0.262,52.4,NA,37.9,NA,NA,0.338,NA,0,7.223,"Transparent"
"BKH21-210-2","Bukhara","Transoxiana","Brown","Slipware - Samanid","BUK",3.51,NA,NA,1.11,NA,NA,NA,NA,1.04,1.26,0.471,0.332,NA,0.67,NA,NA,55.3,NA,36.3,NA,NA,NA,NA,0,7.021,"Transparent"
"BKH21-210-2","Bukhara","Transoxiana","Transparent","Slipware - Samanid","BUK",3.14,NA,NA,1.48,NA,NA,NA,NA,0.679,2,NA,NA,NA,0.35,NA,NA,54.1,NA,38.1,NA,NA,0.134,NA,0,6.97,"Transparent"
"BKH21-210-29","Bukhara","Transoxiana","Brown","Slipware - Samanid","N/A",2.72,NA,NA,0.577,NA,NA,NA,NA,1.68,1.72,NA,1.05,NA,0.532,NA,NA,47.9,NA,43.6,NA,NA,0.264,NA,0,5.549,"Transparent"
"BKH21-210-29","Bukhara","Transoxiana","Transparent","Slipware - Samanid","N/A",3.12,NA,NA,1.04,NA,NA,NA,NA,0.339,1.65,0.0146,NA,NA,0.485,NA,NA,50.4,NA,42.8,NA,NA,0.117,NA,0,6.3096,"Transparent"
"BKH21-210-6","Bukhara","Transoxiana","Brown","Slipware - Samanid","N/A",4.19,NA,NA,1.35,NA,NA,NA,2.98,1.93,1.15,0.0729,0.193,NA,0.533,NA,NA,51.5,NA,36,NA,NA,0.088,NA,0,7.2959,"Transparent"
"BKH21-210-6","Bukhara","Transoxiana","Green","Slipware - Samanid","N/A",4.03,NA,NA,1.15,NA,NA,NA,1.57,0.746,1.5,NA,NA,NA,0.32,NA,NA,52.2,NA,38.1,NA,NA,0.454,NA,0,7,"Transparent"
"BKH22-006-g","Bukhara","Transoxiana","Brown","Splashed","N/A",2.95,NA,NA,1.57,NA,NA,NA,0.648,1.44,1.2,0.131,NA,NA,0.355,NA,NA,53.2,NA,38.5,NA,NA,NA,NA,0,6.206,"Transparent"
"BKH22-006-g","Bukhara","Transoxiana","Green","Splashed","N/A",3.05,NA,NA,0.794,NA,NA,NA,3.03,0.259,0.4,0.377,NA,NA,0.365,NA,NA,54.6,NA,37.1,NA,NA,NA,NA,0,4.986,"Transparent"
"BKH22-006-g","Bukhara","Transoxiana","Transparent","Splashed","N/A",2.52,NA,NA,1.55,NA,NA,NA,0.367,1.41,0.738,0.133,0.0688,NA,0.0239,NA,NA,56.9,NA,36.2,NA,NA,NA,NA,0,4.9649,"Transparent"
"BKH22-060-u","Bukhara","Transoxiana","Green","Splashed","N/A",5.06,NA,NA,2.83,NA,NA,NA,1.51,0.895,2.18,0.993,0.148,NA,1.28,NA,NA,39.6,NA,45.5,NA,NA,NA,NA,0,12.343,"Transparent"
"BKH22-060-u","Bukhara","Transoxiana","Transparent","Splashed","N/A",4.72,NA,NA,2.61,NA,NA,NA,0.973,0.898,2.93,0.542,0.183,NA,1.26,NA,NA,36.6,NA,49.2,NA,NA,NA,NA,0,12.062,"Transparent"
"BKH22-123-l","Bukhara","Transoxiana","White","Lustreware","N/A",2.36,NA,NA,6.12,NA,NA,NA,NA,NA,2.69,2.07,NA,NA,6.01,NA,0.143,12.2,NA,60.1,8.27,NA,NA,NA,0,19.25,"Opaque"
"BKH22-138-al","Bukhara","Transoxiana","Red","Slipware - Samanid","BUK",2.98,NA,NA,1.21,NA,NA,NA,NA,0.816,0.679,NA,NA,NA,NA,NA,NA,57.3,NA,36.5,NA,NA,0.441,NA,0,4.869,"Transparent"
"BKH22-138-al","Bukhara","Transoxiana","Transparent","Slipware - Samanid","BUK",3.39,NA,NA,0.744,NA,NA,NA,NA,0.617,0.305,0.694,NA,NA,0.435,NA,NA,55.4,NA,38.4,NA,NA,NA,NA,0,5.568,"Transparent"
"BKH22-138-an","Bukhara","Transoxiana","Brown","Slipware - Samanid","BUK",5.02,NA,NA,1.12,NA,NA,NA,0.601,2.25,1.28,0.246,1.39,NA,0.636,NA,NA,42.5,NA,45,NA,NA,NA,NA,0,8.302,"Transparent"
"BKH22-138-an","Bukhara","Transoxiana","Red","Slipware - Samanid","BUK",5.07,NA,NA,1.29,NA,NA,NA,0.718,0.928,0.9,0.202,NA,NA,0.527,NA,NA,47.1,NA,43.3,NA,NA,NA,NA,0,7.989,"Transparent"
"BKH22-138-an","Bukhara","Transoxiana","Transparent","Slipware - Samanid","BUK",3.56,NA,NA,1.57,NA,NA,NA,NA,0.244,0.822,0.358,NA,NA,0.535,NA,NA,49.3,NA,43.6,NA,NA,NA,NA,0,6.845,"Transparent"
"BKH22-153-i","Bukhara","Transoxiana","Blue","Opaque","BUK A",NA,NA,NA,3.2,NA,NA,NA,NA,NA,1.38,NA,NA,NA,3.79,NA,NA,36.9,NA,52.1,2.57,NA,NA,NA,0,8.37,"Opaque"
"BKH22-184-ad","Bukhara","Transoxiana","Brown","Slipware - Samanid","BUK",2.22,NA,NA,1.1,NA,NA,NA,NA,0.692,0.69,0.19,NA,NA,0.131,NA,NA,60.4,NA,34.6,NA,NA,NA,NA,0,4.331,"Transparent"
"BKH22-184-ad","Bukhara","Transoxiana","Yellow","Slipware - Samanid","BUK",2.05,NA,NA,1.08,NA,NA,NA,NA,0.596,0.858,NA,NA,NA,NA,NA,NA,61,NA,34.4,NA,NA,NA,NA,0,3.988,"Transparent"
"BKH22-184-v","Bukhara","Transoxiana","White","Lustreware","N/A",2.4,NA,NA,6.98,NA,NA,NA,NA,1.87,4.15,2.11,NA,NA,5.75,NA,NA,10.3,NA,58.1,8.41,NA,NA,NA,0,21.39,"Opaque"
"BKH22-201-as","Bukhara","Transoxiana","Green","Opaque","N/A",NA,NA,NA,3.08,NA,NA,NA,0.619,NA,1.66,NA,NA,NA,NA,NA,NA,64.3,NA,27,3.26,NA,NA,NA,0,4.74,"Opaque"
"BKH22-201-as","Bukhara","Transoxiana","Yellow","Opaque","N/A",2.19,NA,NA,1.75,NA,NA,NA,0.0335,1.03,0.645,0.148,0.0576,NA,0.241,NA,NA,64.9,NA,28.6,0.34,NA,NA,NA,0,4.974,"Opaque"
"BKH22-201-au","Bukhara","Transoxiana","Brown","Opaque","N/A",NA,NA,NA,1.91,NA,NA,NA,NA,NA,1.31,0.151,0.575,NA,0.858,NA,NA,64.3,NA,30.9,NA,NA,NA,NA,0,4.229,"Opaque"
"BKH22-201-au","Bukhara","Transoxiana","Green","Opaque","N/A",1.87,NA,NA,1.26,NA,NA,NA,1.71,0.232,0.434,0.448,NA,NA,0.728,NA,NA,63.7,NA,29.6,NA,NA,NA,NA,0,4.74,"Opaque"
"BKH22-201-au","Bukhara","Transoxiana","Yellow","Opaque","N/A",1.36,NA,NA,1.52,NA,NA,NA,NA,NA,0.761,0.599,NA,NA,0.73,NA,NA,65.8,NA,27.6,1.6,NA,NA,NA,0,4.97,"Opaque"
"BKH22-222-y","Bukhara","Transoxiana","Olive","Slipware - Samanid","BUK",2.91,NA,NA,1,NA,NA,0.181,1.46,0.217,0.854,0.382,NA,NA,0.525,NA,NA,57.8,NA,33.7,NA,NA,0.916,NA,0,5.671,"Transparent"
"BKH22-222-y","Bukhara","Transoxiana","Transparent","Slipware - Samanid","BUK",3.46,NA,NA,0.672,NA,NA,NA,1.95,0.685,0.315,0.478,NA,NA,0.494,NA,0.38,57.4,NA,34.1,NA,NA,NA,NA,0,5.419,"Transparent"
"BKH22-266-ae","Bukhara","Transoxiana","Green","Opaque","N/A",2.03,NA,NA,1,NA,NA,NA,2.69,NA,NA,0.743,NA,NA,NA,NA,NA,65.7,NA,27,0.796,NA,NA,NA,0,3.773,"Opaque"
"BKH22-266-ae","Bukhara","Transoxiana","Yellow","Opaque","N/A",2.88,NA,NA,2.38,NA,NA,NA,NA,0.461,1.08,NA,NA,NA,NA,NA,NA,61.3,NA,31,0.91,NA,NA,NA,0,6.34,"Opaque"
"BKH22-266-e","Bukhara","Transoxiana","Blue","Opaque","SAMK",3.3,NA,NA,4.1,NA,NA,NA,4.37,0.788,2.32,1.29,NA,NA,3.2,NA,NA,29.4,NA,44.5,6.75,NA,NA,NA,0,14.21,"Opaque"
"BKH22-271-d","Bukhara","Transoxiana","Green","Monochrome","N/A",4.04,NA,NA,1.84,NA,NA,NA,2.26,0.902,0.528,0.639,0.0113,NA,0.649,NA,NA,53.9,NA,35.3,NA,NA,NA,NA,0,7.696,"Transparent"
"DK15","Dandanakan","Merv Oasis","Green","Splashed","Quartz Biotite B",3.9,NA,NA,2.3,NA,NA,NA,1.2,0.719,1.2,0.499,NA,NA,0.4,NA,NA,57.6,NA,32,NA,NA,0.2,NA,0,8.299,"Transparent"
"DK15","Dandanakan","Merv Oasis","Transparent","Splashed","Quartz Biotite B",4.4,NA,NA,1.9,NA,NA,NA,NA,0.989,1.5,0.3,NA,NA,0.599,NA,NA,59.4,NA,30.7,NA,NA,0.2,NA,0,8.699,"Transparent"
"DK15","Dandanakan","Merv Oasis","Yellow","Splashed","Quartz Biotite B",4.7,NA,NA,1,NA,NA,NA,NA,0.721,1.6,0.3,NA,NA,0.5,NA,NA,57,NA,34,NA,NA,0.1,NA,0,8.1,"Transparent"
"DK16","Dandanakan","Merv Oasis","Transparent","Undetermined","Quartz Biotite B",4,NA,NA,1,NA,NA,NA,NA,0.54,1.5,0.4,NA,NA,0.7,NA,NA,47.9,NA,43.8,NA,NA,0.1,NA,0,7.6,"Other"
"DK17","Dandanakan","Merv Oasis","Green","Undetermined","Quartz Biotite A",4.6,NA,NA,1.8,NA,NA,NA,1.4,0.45,1.3,0.5,NA,NA,0.7,NA,NA,54.3,NA,34.7,NA,NA,0.2,NA,0,8.9,"Other"
"DK17","Dandanakan","Merv Oasis","Transparent","Undetermined","Quartz Biotite A",5.5,NA,NA,1.2,NA,NA,NA,NA,0.405,1.45,0.35,NA,NA,1.05,NA,NA,49.9,NA,39.9,NA,NA,0.25,NA,0,9.55,"Other"
"DK20","Dandanakan","Merv Oasis","Turquoise","Monochrome","Quartz Opaque B",2.65,NA,NA,4,NA,NA,NA,1.3,0.5395,2.45,1.15,NA,NA,2.75,NA,NA,38.4,NA,45.15,1.45,NA,0.14995,NA,0,13,"Transparent"
"DK21","Dandanakan","Merv Oasis","Green","Monochrome","Quartz Opaque B",3.605,NA,NA,0.7505,NA,NA,NA,1.45,1.08,1.35,0.4505,NA,NA,0.801,NA,NA,58.6,NA,31.55,NA,NA,0.3505,NA,0,6.957,"Transparent"
"DK22","Dandanakan","Merv Oasis","Yellow","Monochrome","Quartz Biotite A",4.21,NA,NA,2.61,NA,NA,NA,NA,1.35,1.4,0.401,NA,NA,0.903,NA,NA,61.6,NA,27.3,NA,NA,0.201,NA,0,9.524,"Transparent"
"DK23","Dandanakan","Merv Oasis","Turquoise","Alkali","Quartz",3.31,NA,NA,2.455,NA,NA,NA,0.851,0.722,2.96,2.0565,NA,NA,8.46,NA,NA,1e-05,NA,79.05,NA,NA,0.1,NA,0,19.2415,"Opaque"
"DK24","Dandanakan","Merv Oasis","Turquoise","Monochrome","Quartz",2,NA,NA,2.73,NA,NA,NA,0.699666666666667,0.509666666666667,2.16666666666667,2.1,NA,NA,8.96333333333333,NA,NA,20.9333333333333,NA,57.8333333333333,1.96966666666667,NA,0.0999333333333333,NA,0,17.96,"Transparent"
"DK25","Dandanakan","Merv Oasis","Turquoise","Alkali","Quartz",2.75,NA,NA,5,NA,NA,NA,1.55,0.81,2.2,3.3,NA,NA,12.3,NA,NA,1e-05,NA,71.95,NA,NA,0.1,NA,0,25.55,"Opaque"
"DK26","Dandanakan","Merv Oasis","Blue","Monochrome","Quartz",2.5525,0.467,NA,5.0825,NA,0.6005,NA,NA,2.16,1.55,3.78,0.267,NA,11.1475,NA,NA,7.9275,NA,64.8,NA,NA,0.124975,NA,0,24.1125,"Transparent"
"K007","Lower Barskhan","Talas Valley","Green","Splashed","TAZ - Group 3",2.23,NA,NA,1.34,NA,0.0153,0.0124,2.35,0.55,0.395,0.437,0.00536,NA,0.203,NA,0.208,66.6,NA,25.6,0.0687,NA,NA,NA,5,4.605,"Transparent"
"K007","Lower Barskhan","Talas Valley","Yellow","Splashed","TAZ - Group 3",2.51,NA,NA,1.21,NA,0.00551,0.0145,0.265,0.536,0.544,0.44,0.0259,NA,0.119,NA,0.128,62.9,NA,31.3,0.00466,NA,NA,NA,5,4.823,"Transparent"
"K008","Lower Barskhan","Talas Valley","White","Opaque","",4.74,NA,NA,4.29,NA,0.00701,0.00399,0.346,0.639,10.3,1.81,0.0326,NA,4.05,NA,0.718,14,NA,59,0.0248,NA,NA,NA,5,25.19,"Opaque"
"K009","Lower Barskhan","Talas Valley","Yellow","Underglaze","TAZ - Group 3",4.71,NA,NA,1.11,NA,0.0198,0.183,0.0837,0.628,0.873,0.498,0.0169,NA,0.28,NA,0.0952,56,NA,35.5,0.0025,NA,NA,NA,5,7.471,"Transparent"
"K018","Kulan","Chu Valley","Green","Monochrome","TAZ - Group 3",4.66,NA,NA,1.32,NA,0.00786,0.00733,0.771,1.22,0.297,0.363,0.103,NA,0.0572,NA,0.12,54.4,NA,36.7,0.00277,NA,NA,NA,11,6.6972,"Transparent"
"K026","Aspara","Chu Valley","White","Alkali","KAZ6",2.08,NA,NA,4.49,NA,1.31e-05,0.012,1.31,0.922,5.41,2.89,0.389,NA,10.5,NA,0.243,0.0809,NA,71.6,0.00503,NA,NA,NA,3,25.37,"Opaque"
"K027","Aspara","Chu Valley","Brown","Splashed","KAZ6",2.82,NA,NA,1.58,NA,0.0108,0.133,0.0223,0.701,1.42,0.358,0.697,NA,0.556,NA,0.0794,61.3,NA,30.3,1.32e-05,NA,NA,NA,5,6.734,"Transparent"
"K027","Aspara","Chu Valley","Yellow","Splashed","KAZ6",2.89,NA,NA,1.29,NA,0.00631,0.151,0.0433,0.313,2.35,0.285,0.00793,NA,0.867,NA,0.0864,56.9,NA,34.8,0.00207,NA,NA,NA,5,7.682,"Transparent"
"K028","Aspara","Chu Valley","Green","Monochrome","KAZ6",2.4,NA,NA,0.911,NA,0.0153,0.0146,1.41,0.278,0.552,0.262,0.0228,NA,0.246,NA,0.122,60.6,NA,33.2,1.31e-05,NA,NA,NA,5,4.371,"Transparent"
"K029","Aspara","Chu Valley","Blue","Alkali","",2.82,NA,NA,2.22,NA,0.729,NA,0.268,1.21,1.07,0.997,0.0325,1.52e-05,3.77,NA,NA,36.7,NA,48.2,1.95,NA,NA,NA,6,10.877,"Opaque"
"K047","Aktobe","Chu Valley","Yellow","Monochrome","KAZ2",4.35,NA,NA,0.839,NA,0.00218,0.00295,0.0469,0.539,0.732,0.356,0.00253,1.5e-05,0.207,NA,0.141,50.4,NA,42.4,0.00904,NA,NA,NA,5,6.484,"Transparent"
"K048","Aktobe","Chu Valley","Transparent","Underglaze","KAZ2",2.78,NA,NA,2.33,NA,NA,0.00503,0.156,0.35,0.59,0.206,0.014,NA,0.185,NA,0.0798,55.3,NA,38,0.0208,NA,NA,NA,5,6.091,"Transparent"
"K050","Aktobe","Chu Valley","Green","Monochrome","KAZ2",2.2,NA,NA,1.14,NA,0.0223,NA,0.114,0.255,0.0769,0.121,0.011,1.56e-05,0.0608,NA,NA,67.3,NA,28.7,0.0105,NA,NA,NA,10,3.5987,"Transparent"
"K066","Aktobe","Chu Valley","Yellow","Monochrome","TAZ - Group 3",3.01,NA,NA,0.781,NA,0.0226,NA,0.0497,0.506,0.111,0.167,0.0165,1.51e-05,0.0495,NA,NA,62.2,NA,33.1,1.31e-05,NA,NA,NA,5,4.1185,"Transparent"
"K068","Aktobe","Chu Valley","Green","Splashed","",5.38,NA,NA,2.43,NA,0.00472,0.00508,2.01,0.654,1.48,0.485,0.0347,NA,0.66,NA,0.114,42.3,NA,44.4,0.00451,NA,NA,NA,12,10.435,"Transparent"
"K069","Aktobe","Chu Valley","Black","Underglaze","KAZ14",3.69,NA,NA,2.02,NA,0.00843,0.00502,0.0237,4.49,0.825,0.625,2.62,1.52e-05,0.294,NA,0.147,47.9,NA,37.3,1.32e-05,NA,NA,NA,4,7.454,"Transparent"
"K069","Aktobe","Chu Valley","Transparent","Underglaze","KAZ14",3.36,NA,NA,1.84,NA,0.00542,0.011,0.0482,0.405,0.707,0.628,0.0279,1.51e-05,0.304,NA,0.169,51.5,NA,41,0.00868,NA,NA,NA,4,6.839,"Transparent"
"K070","Aktobe","Chu Valley","Black","Underglaze","KAZ2",4.79,NA,NA,1.07,NA,0.00638,0.00221,0.0254,3.32,1.16,0.5,1.7,1.5e-05,0.269,NA,0.139,45,NA,42,0.00657,NA,NA,NA,7,7.789,"Transparent"
"K070","Aktobe","Chu Valley","Transparent","Underglaze","KAZ2",4.09,NA,NA,0.868,NA,0.00699,0.00997,0.0147,0.43,0.823,0.478,0.0942,1.49e-05,0.2,NA,0.0791,47.9,NA,45,0.005,NA,NA,NA,5,6.459,"Transparent"
"K071","Aktobe","Chu Valley","Brown","Underglaze","KAZ2",5.11,NA,NA,0.725,NA,NA,0.0143,0.483,1.19,0.842,0.384,0.0607,NA,0.246,NA,0.0874,55.2,NA,35.4,0.00693,NA,0.215,NA,6,7.307,"Transparent"
"K071","Aktobe","Chu Valley","Transparent","Underglaze","KAZ2",4.75,NA,NA,0.793,NA,NA,0.0127,0.485,1.01,0.798,0.383,0.0753,NA,0.242,NA,0.0884,55,NA,36.2,0.00496,NA,0.195,NA,5,6.966,"Transparent"
"K072","Aktobe","Chu Valley","Transparent","Underglaze","TAZ - Group 3",3.7,NA,NA,1.28,NA,NA,0.0158,0.0789,1.47,0.95,0.758,0.61,NA,0.287,NA,0.105,49.6,0,40.9,0.00362,NA,0.199,NA,8,6.975,"Transparent"
"K077","Aktobe","Chu Valley","Brown","Monochrome","KAZ2",7.76,NA,NA,1.93,NA,NA,0.00682,0.067,0.664,1.13,0.463,0.0305,NA,0.558,NA,0.188,50.8,NA,36.1,0.00899,NA,0.305,NA,2,11.841,"Transparent"
"K077","Aktobe","Chu Valley","Transparent","Monochrome","KAZ2",6.89,NA,NA,1.3,NA,NA,0.0109,0.0545,0.516,0.681,0.319,0.0169,NA,0.226,NA,0.148,57.7,NA,32,0.00285,NA,0.106,NA,5,9.416,"Transparent"
"K088","Tamdy","Tianshan Piedmont","Yellow","Monochrome","KAZ11",4.1,NA,NA,2.23,NA,0.0204,NA,0.0664,0.269,0.698,0.337,0.017,1.51e-05,0.206,NA,NA,56.7,NA,35.4,0.00977,NA,NA,NA,5,7.571,"Transparent"
"K090","Tamdy","Tianshan Piedmont","Brown","Underglaze","TAZ - Group 3",4.64,NA,NA,1.09,NA,0.0154,NA,0.0445,0.473,4.51,0.506,0.0369,1.54e-05,1.72,NA,NA,43,NA,44,0.00247,NA,NA,NA,5,12.466,"Transparent"
"K099","Bektobe","Talas Valley","Transparent","Underglaze","KAZ14",4.58,NA,NA,0.966,NA,NA,0.00757,0.0492,0.306,0.584,0.502,0.0173,NA,0.17,NA,0.0691,48.5,0.0479,44.1,0.000316,NA,0.115,NA,5,6.802,"Transparent"
"K100","Bektobe","Talas Valley","Brown","Underglaze","TAZ - Group 3",4.76,NA,NA,1.5,NA,0.0186,NA,0.0567,0.472,3.23,0.687,0.0271,0.00289,1.3,NA,NA,39.3,NA,48.6,0.00565,NA,NA,NA,5,11.477,"Transparent"
"K124","Lower Barskhan","Talas Valley","Brown","Underglaze","TAZ - Group 3",3.08,NA,NA,1.18,NA,NA,0.013,0.0358,1.61,0.908,0.642,0.608,NA,0.372,NA,0.138,51.9,0.00082,39.3,0.00597,NA,0.206,NA,5,6.182,"Transparent"
"K124","Lower Barskhan","Talas Valley","Red","Underglaze","TAZ - Group 3",2.7,NA,NA,1.12,NA,NA,0.00835,0.0241,0.521,0.72,0.509,0.0279,NA,0.344,NA,0.135,55.4,0.000587,38.3,0.00159,NA,0.174,NA,5,5.393,"Transparent"
"K129","Lower Barskhan","Talas Valley","Red","Underglaze","TAZ - Group 3",3.37,NA,NA,1.16,NA,NA,0.00951,0.142,3.52,0.799,0.534,0.0678,NA,0.257,NA,0.113,62.1,0.00862,27.8,0,NA,0.124,NA,3,6.12,"Transparent"
"K129","Lower Barskhan","Talas Valley","Transparent","Underglaze","TAZ - Group 3",3.87,NA,NA,0.995,NA,NA,0.00684,0.124,1.57,0.923,0.532,0.0354,NA,0.244,NA,0.0941,58.8,0.00211,32.6,0.00174,NA,0.125,NA,4,6.564,"Transparent"
"K129","Lower Barskhan","Talas Valley","Yellow","Underglaze","TAZ - Group 3",3.33,NA,NA,1.02,NA,NA,0.00549,0.132,3.54,0.718,0.518,0.075,NA,0.254,NA,0.125,60.7,0,29.4,0.00564,NA,0.128,NA,5,5.84,"Transparent"
"K134","Kulan","Chu Valley","Transparent","Underglaze","KAZ11",4.36,NA,NA,0.448,NA,NA,0.00781,0.0713,0.275,0.607,0.151,0.0163,NA,0.181,NA,0.0313,53.4,0.0355,40.3,0.00649,NA,0.0421,NA,5,5.747,"Transparent"
"K134","Kulan","Chu Valley","Yellow","Underglaze","KAZ11",3.5,NA,NA,0.524,NA,NA,0.0125,0.072,1.24,0.65,0.132,0.0113,NA,0.22,NA,0.0156,56.6,0.0237,37,0.00762,NA,0.0601,NA,5,5.026,"Transparent"
"K142","Tamdy","Tianshan Piedmont","Black","Underglaze","KAZ10",2.65,NA,NA,2.57,NA,NA,0.152,0.0439,0.766,0.485,0.564,0.00977,NA,0.13,NA,0.18,55.9,0,36.5,0.00397,NA,0.0916,NA,5,6.399,"Transparent"
"K142","Tamdy","Tianshan Piedmont","Red","Underglaze","KAZ10",5.39,NA,NA,2.68,NA,NA,0.0483,0.0236,2.02,0.501,0.4,0.0144,NA,0.127,NA,0.189,55.9,0,32.5,0.00388,NA,0.195,NA,3,9.098,"Transparent"
"K142","Tamdy","Tianshan Piedmont","Transparent","Underglaze","KAZ10",4.47,NA,NA,2.47,NA,NA,0.0116,0.0205,0.367,1.05,0.455,0.0129,NA,0.352,NA,0.158,50,0.00153,40.5,0.0101,NA,0.102,NA,5,8.797,"Transparent"
"K146","Tamdy","Tianshan Piedmont","Green","Monochrome","KAZ10",4.59,NA,NA,1.73,NA,NA,0.00779,3.17,0.398,1.24,0.442,0.00961,NA,0.45,NA,0.0723,49,0.0386,38.7,0.00274,NA,0.119,NA,5,8.452,"Transparent"
"K149","Bektobe","Talas Valley","Black","Underglaze","TAZ - Group 3",4.16,NA,NA,0.555,NA,NA,0.0105,0.0221,2.22,0.66,0.294,1.41,NA,0.185,NA,0.129,56.1,0.0376,34,0.00121,NA,0.211,NA,5,5.854,"Transparent"
"K149","Bektobe","Talas Valley","Transparent","Underglaze","TAZ - Group 3",3.54,NA,NA,0.528,NA,NA,0.00976,0.0412,0.215,1.07,0.293,0.00763,NA,0.365,NA,0.0626,55.6,0.0565,38.1,0.00553,NA,0.0777,NA,5,5.796,"Transparent"
"K151","Bektobe","Talas Valley","Brown","Underglaze","KAZ12",2.97,NA,NA,0.947,NA,NA,0.00976,0.0474,0.294,0.396,0.382,0.0186,NA,0.175,NA,0.0869,56.5,0,37.9,0.00184,NA,0.224,NA,5,4.87,"Transparent"
"K156","Bektobe","Talas Valley","Green","Underglaze","KAZ12",3.73,NA,NA,1.46,NA,NA,0.0121,3.82,1.45,0.901,0.788,0.021,NA,0.393,NA,0.13,48.9,0.0266,38.3,0.00481,NA,0.065,NA,5,7.272,"Transparent"
"K156","Bektobe","Talas Valley","Transparent","Underglaze","KAZ12",6.17,NA,NA,1.15,NA,NA,0.00331,1.47,1.16,1.71,0.725,0.0195,NA,0.547,NA,0.115,39.6,0.0154,47.2,0.000552,NA,0.0999,NA,3,10.302,"Transparent"
"K169","Merki","Chu Valley","Brown","Underglaze","KAZ12",2.82,NA,NA,1.48,NA,NA,0.0108,0.0302,0.905,0.405,0.632,0.65,NA,0.149,NA,0.0678,54.4,0,38.4,0.00103,NA,0.0492,NA,5,5.486,"Transparent"
"K169","Merki","Chu Valley","Transparent","Underglaze","KAZ12",2.94,NA,NA,1.45,NA,NA,0.004,0.0129,0.371,0.412,0.567,0.00969,NA,0.193,NA,0.0716,55.3,0,38.6,0.00336,NA,0.0427,NA,5,5.562,"Transparent"
"K175","Taraz","Talas Valley","Olive","Underglaze","TAZ - Group 3",2.68,NA,NA,0.623,NA,NA,0.231,0.0266,0.394,0.423,0.26,0.00787,NA,0.154,NA,0.0294,59.6,0.00194,35.5,0.00688,NA,0.0309,NA,5,4.14,"Transparent"
"K175","Taraz","Talas Valley","Transparent","Underglaze","TAZ - Group 3",2.78,NA,NA,0.4,NA,NA,0.012,0.0556,0.176,0.346,0.13,0.00269,NA,0.137,NA,0.0214,59.4,0.0193,36.5,0.00018,NA,0.0358,NA,5,3.793,"Transparent"
"K175","Taraz","Talas Valley","Yellow","Underglaze","TAZ - Group 3",2.55,NA,NA,0.453,NA,NA,0.0177,0.0822,0.15,0.337,0.119,0.00738,NA,0.111,NA,0.0373,61.1,0.0134,35,0.0132,NA,0.0321,NA,5,3.57,"Transparent"
"K176","Taraz","Talas Valley","Brown","Underglaze","TAZ - Group 3",4.67,NA,NA,1.41,NA,NA,0.153,0.0287,0.825,0.772,0.769,0,NA,0.314,NA,0.0975,51,0,39.8,0.0034,NA,0.174,NA,4,7.935,"Transparent"
"K181","Taraz","Talas Valley","Brown","Underglaze","KAZ10",3.42,NA,NA,0.449,NA,NA,0.0261,0.0661,3.2,0.554,0.245,1.7,NA,0.12,NA,0.0677,54.9,0.00521,35.2,0.00163,NA,0.0477,NA,3,4.788,"Transparent"
"K181","Taraz","Talas Valley","Olive","Underglaze","KAZ10",2.55,NA,NA,0.382,NA,NA,0.352,0.0401,0.447,0.368,0.278,0.003,NA,0.1,NA,0.027,59.5,0.00398,36,0.000537,NA,0.0313,NA,5,3.678,"Transparent"
"K181","Taraz","Talas Valley","Yellow","Underglaze","KAZ10",2.63,NA,NA,0.467,NA,NA,0.142,0.0472,0.246,0.364,0.214,0.00706,NA,0.101,NA,0.0274,59.5,0.00229,36.2,0.00437,NA,0.0479,NA,3,3.776,"Transparent"
"K183","Taraz","Talas Valley","Black","Underglaze","KAZ11",2.7,NA,NA,0.665,NA,NA,0.175,0.0145,0.417,0.73,0.228,0.00361,NA,0.36,NA,0.0355,58.8,0.0114,35.8,0.00948,NA,0.0376,NA,5,4.683,"Transparent"
"K183","Taraz","Talas Valley","Yellow","Underglaze","KAZ11",2.73,NA,NA,0.652,NA,NA,0.0704,0.0131,0.758,0.793,0.217,0.0348,NA,0.345,NA,0.028,57.7,0.00766,36.6,0.0121,NA,0.0443,NA,10,4.737,"Transparent"
"K193","Akyrtas","Talas Valley","Green","Monochrome","KAZ2",5.7,NA,NA,0.378,NA,NA,0.0134,0.788,0.488,0.38,0.313,0.00456,NA,0.241,NA,0.119,63.3,0.00543,28.1,0.0602,NA,0.128,NA,5,7.012,"Transparent"
"K198","Aktobe","Chu Valley","Transparent","Monochrome","KAZ14",2.97,NA,NA,2.4,NA,NA,0.0122,0.0831,0.374,0.497,0.618,0.0149,NA,0.256,NA,0.114,56.3,NA,36.2,0.000992,NA,0.117,NA,5,6.741,"Transparent"
"K199","Aktobe","Chu Valley","Brown","Underglaze","KAZ14",4.79,NA,NA,1.27,NA,NA,0.0163,0.0527,3.52,0.605,0.607,0.558,NA,0.325,NA,0.073,55.3,0.147,32.6,0.0032,NA,0.216,NA,5,7.597,"Transparent"
"K199","Aktobe","Chu Valley","Transparent","Underglaze","KAZ14",4.14,NA,NA,0.802,NA,NA,0.00973,0.0349,0.461,0.509,0.393,0.0127,NA,0.291,NA,0.0521,55.4,0.159,37.6,0.0107,NA,0.122,NA,5,6.135,"Transparent"
"K200","Aktobe","Chu Valley","Transparent","Monochrome","KAZ2",3.51,NA,NA,0.506,NA,NA,0.00746,0.117,0.226,0.663,0.191,0.00441,NA,0.266,NA,0.0537,60.8,0.00436,33.5,0.00949,NA,0.133,NA,5,5.136,"Transparent"
"K201","Aktobe","Chu Valley","Green","Underglaze","KAZ2",3.52,NA,NA,0.826,NA,NA,0.00845,0.0863,0.269,0.473,0.243,0.0198,NA,0.175,NA,0.0563,59.4,0,34.8,0.00231,NA,0.143,NA,5,5.237,"Transparent"
"K203","Aktobe","Chu Valley","Brown","Underglaze","KAZ2",3.42,NA,NA,0.745,NA,NA,0.0162,0.098,0.418,0.983,0.353,0.0203,NA,0.329,NA,0.0951,55.8,0.00162,37.5,0.0543,NA,0.201,NA,5,5.83,"Transparent"
"K203","Aktobe","Chu Valley","Transparent","Underglaze","KAZ2",3.57,NA,NA,0.71,NA,NA,0.00868,0.105,0.425,0.892,0.328,0.00364,NA,0.297,NA,0.0951,55.2,0.00128,38.1,0.0597,NA,0.198,NA,5,5.797,"Transparent"
"K205","Sayram","Chach","Green","Opaque","KAZ11",3.51,NA,NA,2.67,NA,NA,0.0059,3.97,0.413,2.27,0.74,0.107,NA,3.46,NA,0.208,38.7,0.194,43.4,0.288,NA,0.0582,NA,5,12.65,"Opaque"
"K205","Sayram","Chach","White","Opaque","KAZ11",5.83,NA,NA,4.14,NA,NA,0.00731,0.0909,0.67,5.73,2.2,0.375,NA,6.17,NA,0.29,8.25,0.000457,65.5,0.648,NA,0.0981,NA,5,24.07,"Opaque"
"K212","Lower Barskhan","Talas Valley","Yellow","Monochrome","KAZ14",4.78,NA,NA,1.9,NA,NA,0.00853,0.191,0.445,0.859,0.704,0.0122,NA,0.223,NA,0.113,45.5,0.361,43.7,0.864,NA,0.254,NA,5,8.466,"Transparent"
"K215","Arna","Talas Valley","Yellow","Monochrome","TV4",6.31,NA,NA,1.79,NA,NA,NA,NA,0.676,0.921,0.921,NA,NA,0.26,NA,0.18,45.6,0.621,42.5,NA,NA,0.19,NA,5,10.202,"Transparent"
"K216","Arna","Talas Valley","Brown","Splashed","TV4",2.11,NA,NA,2.5,NA,NA,NA,0.25,0.576,0.48,0.61,0.66,NA,0.12,NA,0.11,65.2,NA,27.2,NA,NA,0.17,NA,5,5.82,"Transparent"
"K216","Arna","Talas Valley","Transparent","Splashed","TV4",4.44,NA,NA,3.2,NA,NA,NA,0.55,0.594,1.03,0.78,NA,NA,0.2,NA,0.15,54.8,NA,34,NA,NA,0.15,0.11,5,9.65,"Transparent"
"K218","Arna","Talas Valley","Brown","Splashed","TAZ - Group 3",3.89,NA,NA,1.375,NA,NA,0.59,0.13,4.475,0.625,0.8,0.15,NA,0.196,NA,0.205,51.8,NA,36,NA,NA,0.15,NA,10,6.886,"Transparent"
"K218","Arna","Talas Valley","Transparent","Splashed","TAZ - Group 3",3.13,NA,NA,1.2,NA,NA,NA,0.08,0.576,0.63,0.63,NA,NA,0.24,NA,0.16,53.8,NA,39.4,NA,NA,0.11,NA,5,5.83,"Transparent"
"K221","Arna","Talas Valley","Brown","Underglaze","",4.72,NA,NA,1.1,NA,NA,NA,0.09,2.34,1.02,0.56,0.22,NA,0.31,NA,0.11,53.4,NA,35.9,NA,NA,0.2,NA,5,7.71,"Transparent"
"K221","Arna","Talas Valley","Transparent","Underglaze","",3.05,NA,NA,0.98,NA,NA,NA,0.11,0.522,0.87,0.36,NA,NA,0.38,NA,0.11,60,NA,33.5,NA,NA,0.11,NA,5,5.64,"Transparent"
"K224","Arna","Talas Valley","Yellow","Monochrome","TAZ - Group 3",4.57,NA,NA,0.84,NA,NA,NA,0.12,0.738,0.79,0.69,0.07,NA,0.18,NA,0.26,52.9,0.13,38.3,0.21,NA,0.2,NA,5,7.07,"Transparent"
"K231","Arna","Talas Valley","Green","Splashed","TAZ - Group 3",3.07,NA,NA,1.15,NA,NA,NA,1.4,0.532,0.611,0.511,NA,NA,0.15,NA,NA,60.8,NA,31.7,NA,NA,0.13,NA,5,5.492,"Transparent"
"K234","Talapty","Talas Valley","Yellow","Monochrome","TV4",6.98,NA,NA,1.04,NA,NA,NA,0.34,0.73,1.76,0.63,NA,NA,0.38,NA,0.13,46.7,0.42,40.6,NA,NA,0.28,NA,5,10.79,"Transparent"
"K238","Talapty","Talas Valley","Yellow","Monochrome","TV4",6.46,NA,NA,0.952,NA,NA,NA,0.471,0.686,1.5,0.601,NA,NA,0.411,NA,0.11,50.4,0.331,37.9,NA,NA,0.17,NA,5,9.924,"Transparent"
"K240","Talapty","Talas Valley","Blue","Alkali","TV-QTZ",2.23,NA,NA,6.77,NA,NA,NA,2.07,0.597,2.92,3.14,NA,NA,12.5,NA,0.503,8.93,NA,59.5,0.724,NA,0.111,NA,5,27.56,"Opaque"
"K242","Talapty","Talas Valley","Green","Monochrome","TV4",5.16,NA,NA,1.45,NA,NA,NA,1.1,1.01,0.99,0.86,NA,NA,0.4,NA,0.14,52,NA,34.9,NA,NA,0.21,1.76,5,8.86,"Transparent"
"K247","Talapty","Talas Valley","Blue","Alkali","TV-QTZ",3.39,NA,NA,5.73,NA,NA,NA,2.14,1.45,5.31,3.18,NA,NA,11.4,NA,0.582,1e-05,NA,66.3,NA,0.321,0.151,NA,5,29.01,"Opaque"
"K249","Talapty","Talas Valley","Transparent","Underglaze","TV4",5.48,NA,NA,1.13,NA,NA,NA,0.25,0.36,1.04,0.631,NA,NA,0.22,NA,0.18,51.1,NA,39.3,NA,NA,0.22,NA,5,8.501,"Transparent"
"K250","Talapty","Talas Valley","Brown","Underglaze","TAZ - Group 3",3.03,NA,NA,1.24,NA,NA,NA,NA,4.5,0.71,0.59,0.18,NA,0.17,NA,0.11,54.9,NA,34.4,NA,NA,0.16,NA,5,5.74,"Transparent"
"K250","Talapty","Talas Valley","Red","Underglaze","TAZ - Group 3",4.43,NA,NA,1.79,NA,NA,NA,NA,1.94,0.601,0.811,0.0901,NA,0.1,NA,0.21,53.2,NA,36.7,NA,NA,0.13,NA,4,7.732,"Transparent"
"K250","Talapty","Talas Valley","Transparent","Underglaze","TAZ - Group 3",5.19,NA,NA,1.39,NA,NA,NA,NA,1.15,0.76,0.67,NA,NA,0.12,NA,0.14,52.2,NA,38.2,NA,NA,0.15,NA,3,8.13,"Transparent"
"K254","Talapty","Talas Valley","Brown","Monochrome","",11.6,NA,NA,7.84,NA,NA,NA,1.77,3.69,5.83,2.44,0.0903,NA,1.54,NA,0.191,6.16,NA,58.3,NA,0.13,0.472,NA,5,29.25,"Transparent"
"K255","Zhargul","Talas Valley","Brown","Underglaze","",3.26,NA,NA,1.04,NA,NA,NA,0.08,1.76,0.59,0.33,0.47,NA,0.18,NA,NA,61.1,NA,31.2,NA,NA,NA,NA,5,5.4,"Transparent"
"K255","Zhargul","Talas Valley","Red","Underglaze","",3.46,NA,NA,1.2,NA,NA,NA,NA,1.15,0.551,0.36,0.14,NA,0.0901,NA,0.05,60.7,NA,32.1,NA,NA,0.15,NA,5,5.6611,"Transparent"
"K257","Zhargul","Talas Valley","Brown","Underglaze","",4.64,NA,NA,2.045,NA,NA,NA,0.285,4.5495,4.105,0.61,1.52,NA,1.11,NA,0.13,37.95,NA,43.4,NA,NA,0.3005,0.25,10,12.51,"Transparent"
"K258","Zhargul","Talas Valley","Brown","Underglaze","",5.95,NA,NA,1.94,NA,NA,NA,0.22,1.83,1.15,0.962,NA,NA,0.381,NA,0.13,46.5,NA,40.7,NA,NA,0.271,NA,3,10.383,"Transparent"
"K258","Zhargul","Talas Valley","Green","Underglaze","",3.57,NA,NA,1.24,NA,NA,NA,0.531,0.55,0.712,0.621,NA,NA,0.241,NA,NA,56.2,NA,36.2,NA,NA,0.18,NA,5,6.384,"Transparent"
"K258","Zhargul","Talas Valley","Transparent","Underglaze","",7.13,NA,NA,1.38,NA,NA,NA,0.19,0.55,1.57,0.561,NA,NA,0.511,NA,0.0901,44.1,NA,43.8,NA,NA,0.16,NA,5,11.152,"Transparent"
"K267","Zhargul","Talas Valley","Green","Monochrome","TAZ - Group 3",4.66,NA,NA,1.6,NA,NA,NA,3.03,0.468,1.09,0.54,NA,NA,0.1,NA,0.08,55.4,NA,32.9,NA,NA,0.2,NA,5,7.99,"Transparent"
"K269","Zhargul","Talas Valley","Green","Splashed","TV1",2.83,NA,NA,1.27,NA,NA,NA,1.34,0.369,0.64,0.74,NA,NA,0.15,NA,0.16,58,0.58,33.8,NA,NA,0.15,NA,5,5.63,"Transparent"
"K272","Zhargul","Talas Valley","Brown","Underglaze","TAZ - Group 3",4.53,NA,NA,1.1,NA,NA,NA,NA,3.09,0.722,0.752,NA,NA,0.12,NA,NA,51.1,NA,38.4,NA,NA,0.15,NA,5,7.224,"Transparent"
"K272","Zhargul","Talas Valley","Red","Underglaze","TAZ - Group 3",12,NA,NA,1.37,NA,NA,NA,0.321,2.8,1.74,0.741,0.0802,NA,0.23,NA,NA,44.1,NA,36.4,NA,NA,0.23,NA,5,16.081,"Transparent"
"K272","Zhargul","Talas Valley","Transparent","Underglaze","TAZ - Group 3",5.32,NA,NA,1.35,NA,NA,NA,NA,0.585,0.791,0.761,NA,NA,0.15,NA,0.13,49.7,NA,41.1,NA,NA,0.12,NA,3,8.372,"Transparent"
"K273","Zhargul","Talas Valley","Brown","Underglaze","KAZ14",2.91,NA,NA,0.752,NA,NA,NA,NA,0.424,0.621,0.471,0.832,NA,0.18,NA,NA,57.3,NA,36.5,NA,NA,NA,NA,3,4.934,"Transparent"
"K273","Zhargul","Talas Valley","Transparent","Underglaze","KAZ14",2.64,NA,NA,0.661,NA,NA,NA,0.15,0.252,0.501,0.381,NA,NA,0.17,NA,NA,61.6,NA,33.6,NA,NA,NA,NA,5,4.353,"Transparent"
"K278","Zhargul","Talas Valley","Blue","Alkali","TV-QTZ",4.54,NA,NA,6.42,NA,NA,NA,1.64,0.763,4.49,3.785,0.0904,NA,6.97,NA,0.4815,1e-05,NA,70.45,NA,0.276,0.156,NA,8,26.205,"Opaque"
"K280","Zhargul","Talas Valley","Green","Splashed","TAZ - Group 3",4.88,NA,NA,1.37,NA,NA,NA,1.46,0.406,0.881,0.541,NA,NA,0.23,NA,NA,58,NA,32.1,NA,NA,0.15,NA,5,7.902,"Transparent"
"K280","Zhargul","Talas Valley","Transparent","Splashed","TAZ - Group 3",5.77,NA,NA,1.24,NA,NA,NA,0.18,0.414,1.05,0.62,NA,NA,0.25,NA,0.12,52.2,NA,37.8,NA,NA,0.22,0.17,5,8.93,"Transparent"
"K281","Zhargul","Talas Valley","Green","Monochrome","TAZ - Group 3",6.14,NA,NA,2.04,NA,NA,NA,3.49,1.61,1.8,0.801,NA,NA,0.441,NA,NA,47.7,NA,35.7,NA,NA,0.291,NA,5,11.222,"Transparent"
"K283","Zhargul","Talas Valley","Red","Underglaze","TV1",7.84,NA,NA,1.96,NA,NA,NA,NA,3.04,1.13,0.872,NA,NA,0.281,NA,0.11,48.4,NA,36,NA,NA,0.361,NA,5,12.083,"Transparent"
"K283","Zhargul","Talas Valley","Transparent","Underglaze","TV1",6.81,NA,NA,0.682,NA,NA,NA,NA,0.496,1.36,0.541,NA,NA,0.351,NA,NA,47.5,NA,42.1,NA,NA,0.201,NA,5,9.744,"Transparent"
"K284","Zhargul","Talas Valley","Blue","Alkali","TV-QTZ",2.605,NA,NA,4.065,NA,NA,NA,1.216,0.8635,2.945,2.925,NA,NA,10.26,NA,0.3065,1e-05,NA,74.35,NA,0.342,0.121,NA,10,22.8,"Opaque"
"K286","Zhargul","Talas Valley","Blue","Alkali","TV-QTZ",2.65,NA,NA,5.38,NA,NA,NA,2.07,1.06,3.2,3.76,NA,NA,15.6,NA,0.443,1e-05,NA,65.2,NA,0.484,0.151,NA,4,30.59,"Opaque"
"Kuva 1","Kuva","Ferghana Valley","Blue","Ishkor",NA,3.4,NA,NA,7.01,0.1,NA,NA,1.2,0.901,3.1,3.9,NA,NA,10.2,NA,0.501,1e-05,NA,69.2,NA,0.4,0.1,NA,0,27.61,"Opaque"
"Kuva 12","Kuva","Ferghana Valley","Brown","Slipware",NA,2.6,NA,NA,2.3,NA,NA,NA,0,0.63,0.801,0.7,3.4,NA,0,NA,NA,53,NA,36.5,NA,0,NA,NA,0,6.401,"Transparent"
"Kuva 12","Kuva","Ferghana Valley","Transparent","Slipware",NA,2.6,NA,NA,1.4,NA,NA,NA,0,0.45,1,0.5,0,NA,0,NA,NA,55.3,NA,38.8,NA,0,NA,NA,0,5.5,"Transparent"
"Kuva 12","Kuva","Ferghana Valley","Yellow","Slipware",NA,2.7,NA,NA,1.1,NA,NA,NA,0.5,1.17,0,0.3,0,NA,0,NA,NA,56.3,NA,37.9,NA,0,NA,NA,0,4.1,"Transparent"
"Kuva 18","Kuva","Ferghana Valley","Black","Slipware - Samanid",NA,2.8,NA,NA,1.5,NA,NA,NA,NA,0.9,1.3,0.6,2.1,NA,0,NA,NA,53.2,NA,37.6,NA,NA,NA,NA,0,6.2,"Transparent"
"Kuva 18","Kuva","Ferghana Valley","Transparent","Slipware - Samanid",NA,1.9,NA,NA,1.4,NA,NA,NA,NA,0.27,0.8,0.3,0,NA,0,NA,NA,57.6,NA,37.7,NA,NA,NA,NA,0,4.4,"Transparent"
"Kuva 19","Kuva","Ferghana Valley","Green","Monochrome",NA,3.9,NA,NA,1.2,NA,NA,NA,5.2,0.63,1,0.2,NA,NA,0,NA,NA,50.1,NA,37.8,NA,NA,NA,NA,0,6.3,"Transparent"
"Kuva 20","Kuva","Ferghana Valley","Olive","Slipware - Samanid",NA,1.7,NA,NA,0.7,NA,NA,NA,NA,0.36,0.5,0,NA,NA,0,NA,NA,58.6,NA,38.1,NA,NA,NA,NA,0,2.9,"Transparent"
"Kuva 20","Kuva","Ferghana Valley","Transparent","Slipware - Samanid",NA,1.9,NA,NA,0.3,NA,NA,NA,NA,0,0.699,0,NA,NA,0,NA,NA,57.2,NA,39.9,NA,NA,NA,NA,0,2.899,"Transparent"
"Kuva 6","Kuva","Ferghana Valley","Brown","Slipware - Samanid",NA,2.5,NA,NA,0.9,NA,NA,NA,NA,0,0.8,0,1.47,NA,0,NA,NA,62.3,NA,32,NA,NA,NA,NA,0,4.2,"Transparent"
"Kuva 6","Kuva","Ferghana Valley","Green","Slipware - Samanid",NA,2.6,NA,NA,1,NA,NA,NA,2.7,0.18,0.7,0,0,NA,0,NA,NA,61.2,NA,31.6,NA,NA,NA,NA,0,4.3,"Transparent"
"Kuva 6","Kuva","Ferghana Valley","Olive","Slipware - Samanid",NA,2.6,NA,NA,0.7,NA,NA,NA,0,0.27,0.799,0.0999,0,NA,0,NA,NA,63.7,NA,31.9,NA,NA,NA,NA,0,4.1989,"Transparent"
"Kuva 6","Kuva","Ferghana Valley","Transparent","Slipware - Samanid",NA,2.7,NA,NA,0.7,NA,NA,NA,0,0,0.9,0,0,NA,0,NA,NA,63.4,NA,32.3,NA,NA,NA,NA,0,4.3,"Transparent"
"Kuva 6","Kuva","Ferghana Valley","Yellow","Slipware - Samanid",NA,2.7,NA,NA,0.9,NA,NA,NA,NA,0,0.8,0,0,NA,0,NA,NA,63.1,NA,32.5,NA,NA,NA,NA,0,4.4,"Transparent"
"Kuva 9","Kuva","Ferghana Valley","Blue","Alkali",NA,4.31,NA,NA,7.21,0.2,NA,NA,4.51,1.71,4.41,3.21,1.6,NA,6.61,NA,0.1,1e-05,NA,65.8,NA,0.2,0.1,NA,0,25.75,"Opaque"
"Paykand-21","Paykend","Transoxiana","Green","Monochrome","N/A",3.67,NA,NA,3.395,NA,NA,NA,2.65,1.66,1.48,0.546,0.0339,NA,0.9405,0.304,NA,49.65,NA,36.65,NA,NA,NA,NA,0,10.0315,"Transparent"
"Paykand-24","Paykend","Transoxiana","Green","Kiln Furniture","PAY 2",5.53,NA,NA,5.84,NA,NA,NA,2.41,2.24,2.43,1.01,0.418,NA,0.978,NA,NA,39,NA,40,NA,NA,0.19,NA,0,15.788,"Other"
"Paykand-25","Paykend","Transoxiana","Green","Monochrome","BUK",3.21,NA,NA,2.86,NA,NA,NA,3.02,0.733,1.24,0.349,NA,NA,0.295,NA,NA,53.7,NA,34.6,NA,NA,0.0293,NA,0,7.954,"Transparent"
"Paykand-31","Paykend","Transoxiana","Green","Monochrome","N/A",4.84,NA,NA,6.01,NA,NA,NA,3.95,2.24,4.24,0.586,NA,NA,0.905,NA,NA,43.3,NA,33.2,NA,NA,0.708,NA,0,16.581,"Transparent"
"Paykand-7","Paykend","Transoxiana","Green","Monochrome","PAY 2",4.59,NA,NA,3.84,NA,NA,NA,1.92,1.83,1.88,0.63,0.182,NA,0.726,NA,NA,49.1,NA,35.2,NA,NA,0.0884,NA,0,11.666,"Transparent"
"TA1","Termez","Transoxiana","","Lustreware","Imported",1.29,NA,NA,4.96,NA,NA,NA,NA,0.298,3.97,3.97,0.496,NA,7.24,NA,NA,4.86,NA,67.9,5.06,NA,NA,NA,0,21.43,"Opaque"
"TA10","Termez","Transoxiana","","Underglaze","Local Group B",2,NA,NA,1.3,NA,NA,NA,NA,1.7,0.499,0.399,0.798,NA,0.798,NA,NA,55.7,NA,36.8,NA,NA,NA,NA,0,4.996,"Transparent"
"TA11","Termez","Transoxiana","","Slipware","Local Group B",1.8,NA,NA,1.7,NA,NA,NA,NA,4,0.4,0.3,1.1,NA,0.501,NA,NA,55.5,NA,34.7,NA,NA,NA,NA,0,4.701,"Transparent"
"TA12","Termez","Transoxiana","","Slipware","Local-regional Group C",2.8,NA,NA,1.8,NA,NA,NA,0.2,5.8,1.2,0.6,2.2,NA,1,NA,NA,48.7,NA,35.7,NA,NA,NA,NA,0,7.4,"Transparent"
"TA13","Termez","Transoxiana","","Underglaze","Local-regional Group C",3.1,NA,NA,2,NA,NA,NA,0,0.899,2.7,0.799,0,NA,1.3,NA,NA,38.8,NA,50.4,NA,NA,NA,NA,0,9.899,"Transparent"
"TA2","Termez","Transoxiana","","Underglaze","Local-regional Group C",1.7,NA,NA,1.1,NA,NA,NA,0.2,0.599,0.499,0.399,0.0998,NA,0.898,NA,NA,58,NA,36.3,0.2,NA,NA,NA,0,4.596,"Transparent"
"TA3","Termez","Transoxiana","","Slipware","Local Group B",2.47,NA,NA,1.13,NA,NA,NA,0.411,0.514,0.514,0.206,0.308,NA,0.719,NA,NA,54.6,NA,39.2,NA,NA,NA,NA,0,5.039,"Transparent"
"TA4","Termez","Transoxiana","","Splashed","Local-regional Group C",2.4,NA,NA,1.7,NA,NA,NA,1,0.9,1,0.6,NA,NA,1.1,NA,NA,52.2,NA,39.1,NA,NA,NA,NA,0,6.8,"Transparent"
"TA5","Termez","Transoxiana","","Underglaze","Local Group B",3.6,NA,NA,1.1,NA,NA,NA,0.599,1.8,0.599,0.3,0.0999,NA,0.999,NA,NA,52.3,NA,38.6,NA,NA,NA,NA,0,6.598,"Transparent"
"TA6","Termez","Transoxiana","","Opaque","Imported",2.1,NA,NA,2.59,NA,NA,NA,NA,0.499,3.99,0.898,NA,NA,2.79,NA,NA,29.5,NA,52,5.59,NA,NA,NA,0,12.368,"Opaque"
"TA7","Termez","Transoxiana","","Splashed","Local Group B",2.21,NA,NA,2.21,NA,NA,NA,2.91,0.602,0.702,0.602,NA,NA,0.702,NA,NA,50.1,NA,40,NA,NA,NA,NA,0,6.426,"Transparent"
"TA8","Termez","Transoxiana","","Slipware","Local-regional Group C",1.6,NA,NA,1.3,NA,NA,NA,NA,5.29,2,0.399,0.299,NA,1.3,NA,NA,51.5,NA,36.3,NA,NA,NA,NA,0,6.599,"Transparent"
"TA9","Termez","Transoxiana","","Underglaze","Local Group A",5,NA,NA,2.9,NA,NA,NA,NA,0.899,0.599,0.2,NA,NA,0.3,NA,NA,52.7,NA,37.4,NA,NA,NA,NA,0,8.999,"Transparent"
"TASH002","Tashkent","Chach","Green","Opaque","TASH",4.07,NA,NA,3.76,NA,NA,NA,3.03,0.808,3.24,1.49,NA,NA,6.41,NA,NA,15.2,NA,60.9,1.14,NA,NA,NA,0,18.97,"Opaque"
"TASH002","Tashkent","Chach","White","Opaque","TASH",4.08,NA,NA,6.04,NA,NA,NA,NA,1.33,5.09,1.4,NA,NA,5.19,NA,NA,8.79,NA,64.6,3.45,NA,NA,NA,0,21.8,"Opaque"
"TASH003","Tashkent","Chach","Green","Opaque","N/A",3.9,NA,NA,6.01,NA,NA,NA,3.71,NA,5.3,1.52,NA,NA,6.98,NA,NA,7.02,NA,64.8,0.716,NA,NA,NA,0,23.71,"Opaque"
"TASH003","Tashkent","Chach","White","Opaque","N/A",4.61,NA,NA,4.2,NA,NA,NA,NA,NA,4.52,1.56,NA,NA,6.83,NA,NA,7.68,NA,70.6,NA,NA,NA,NA,0,21.72,"Opaque"
"TASH004","Tashkent","Chach","Brown","Opaque","N/A",5.43,NA,NA,1.97,NA,NA,NA,NA,0.981,2.34,0.842,3.62,NA,4.73,NA,NA,33.5,NA,45.6,1,NA,NA,NA,0,15.312,"Opaque"
"TASH004","Tashkent","Chach","Green","Opaque","N/A",3.06,NA,NA,2.99,NA,NA,NA,2.41,0.699,2.29,0.697,NA,NA,3.53,NA,NA,39.9,NA,41.9,2.56,NA,NA,NA,0,12.567,"Opaque"
"TASH004","Tashkent","Chach","White","Opaque","N/A",2.81,NA,NA,2.45,NA,NA,NA,NA,NA,2.03,1.09,NA,NA,4.83,NA,NA,33.2,NA,51,2.61,NA,NA,NA,0,13.21,"Opaque"
"TASH006","Tashkent","Chach","Green","Ishkor","TASH",3.72,NA,NA,2.71,NA,NA,NA,2.18,NA,2.15,0.795,NA,NA,5.42,NA,NA,28.1,NA,54.9,NA,NA,NA,NA,0,14.795,"Opaque"
"TASH006","Tashkent","Chach","White","Ishkor","TASH",6.43,NA,NA,2.8,NA,NA,NA,NA,0.628,4.23,1.65,NA,NA,8.38,NA,NA,1.18,NA,74,0.704,NA,NA,NA,0,23.49,"Opaque"
"TASH008","Tashkent","Chach","Green","Slipware - Samanid","TASH",4.87,NA,NA,1.4305,NA,NA,NA,1.95,0.53765,0.843,0.5185,NA,NA,0.647,NA,NA,51.7,NA,37.25,NA,NA,0.22085,NA,0,8.309,"Transparent"
"TASH011","Tashkent","Chach","Brown","Slipware - Samanid","N/A",3.71,NA,NA,0.619,NA,NA,NA,1.56,1.97,1.47,NA,0.743,NA,0.489,NA,NA,53.9,NA,35.3,NA,NA,0.236,NA,0,6.288,"Transparent"
"TASH011","Tashkent","Chach","Green","Slipware - Samanid","N/A",2.52,NA,NA,0.704,NA,NA,NA,1.24,0.409,1.23,NA,NA,NA,0.393,NA,NA,57.3,NA,36.2,NA,NA,NA,NA,0,4.847,"Transparent"
"TASH011","Tashkent","Chach","Transparent","Slipware - Samanid","N/A",4.18,NA,NA,1.02,NA,NA,NA,0.516,0.474,1.66,0.233,NA,NA,0.875,NA,NA,51.2,NA,39.7,NA,NA,0.132,NA,0,7.968,"Transparent"
"TASH012","Tashkent","Chach","Brown","Slipware - Samanid","TASH",4.15,NA,NA,1.46,NA,NA,NA,0.444,2.67,1.25,0.5,2.3,NA,0.0836,NA,NA,48.7,NA,38.4,NA,NA,0.0148,NA,0,7.4436,"Transparent"
"TASH012","Tashkent","Chach","Green","Slipware - Samanid","TASH",4.11,NA,NA,1.29,NA,NA,NA,2.85,1.26,1.52,0.653,0.786,NA,0.41,NA,NA,54.2,NA,32.9,NA,NA,NA,NA,0,7.983,"Transparent"
"TASH012","Tashkent","Chach","Transparent","Slipware - Samanid","TASH",6.83,NA,NA,0.774,NA,NA,NA,NA,0.344,1.76,0.932,NA,NA,0.685,NA,NA,42.3,NA,46.4,NA,NA,NA,NA,0,10.981,"Transparent"
"TASH013","Tashkent","Chach","Brown","Slipware - Samanid","TASH",3.61,NA,NA,1.38,NA,NA,NA,NA,2.2,1.04,0.146,0.659,NA,NA,NA,NA,50.5,NA,40.4,NA,NA,0.0294,NA,0,6.176,"Transparent"
"TASH013","Tashkent","Chach","Transparent","Slipware - Samanid","TASH",4.58,NA,NA,0.79,NA,NA,NA,NA,1.29,0.597,0.519,0.303,NA,0.457,NA,0.338,50.2,NA,40.8,NA,NA,0.087,NA,0,6.943,"Transparent"
"TASH017","Tashkent","Chach","Red","Slipware - Samanid","N/A",4.79,NA,NA,1.27,NA,NA,NA,NA,1.38,1.37,0.345,NA,NA,0.315,NA,NA,46.3,NA,44.2,NA,NA,NA,NA,0,8.09,"Transparent"
"TASH017","Tashkent","Chach","Transparent","Slipware - Samanid","N/A",3.53,NA,NA,1.03,NA,NA,NA,NA,1.17,0.537,NA,NA,NA,NA,NA,NA,51.5,NA,41.8,NA,NA,0.379,NA,0,5.097,"Transparent"
"TASH021","Tashkent","Chach","Brown","Slipware - Samanid","N/A",4.33,NA,NA,0.863,NA,NA,NA,NA,2.59,1.61,0.175,1.7,NA,0.392,NA,NA,44.6,NA,43.8,NA,NA,NA,NA,0,7.37,"Transparent"
"TASH021","Tashkent","Chach","Transparent","Slipware - Samanid","N/A",4.78,NA,NA,0.854,NA,NA,NA,NA,1,1.73,NA,0.0685,NA,0.179,NA,NA,44.8,NA,46.6,NA,NA,NA,NA,0,7.543,"Transparent"
"TASH025","Tashkent","Chach","Brown","Slipware - Qarakhanid","TASH",3.33,NA,NA,0.369,NA,NA,NA,NA,0.768,1.36,0.0437,0.159,NA,0.497,NA,NA,52,NA,41.1,NA,NA,0.337,NA,0,5.5997,"Transparent"
"TASH025","Tashkent","Chach","Transparent","Slipware - Qarakhanid","TASH",3.48,NA,NA,0.892,NA,NA,NA,NA,0.618,2.12,NA,NA,NA,0.4,NA,NA,51.4,NA,41.1,NA,NA,NA,NA,0,6.892,"Transparent"
"TASH033","Tashkent","Chach","Olive","Slipware - Samanid","TASH",3.65,NA,NA,0.741,NA,NA,0.348,NA,0.647,0.701,0.249,NA,NA,0.166,NA,NA,54.7,NA,38.5,NA,NA,0.265,NA,0,5.507,"Transparent"
"TASH033","Tashkent","Chach","Transparent","Slipware - Samanid","TASH",4.13,NA,NA,0.595,NA,NA,NA,NA,0.547,0.543,0.388,NA,NA,0.374,NA,NA,53.1,NA,40.1,NA,NA,0.232,NA,0,6.03,"Transparent"
"TASH034","Tashkent","Chach","Olive","Slipware - Samanid","N/A",2.89,NA,NA,0.501,NA,NA,0.179,NA,0.719,0.641,NA,NA,NA,NA,NA,NA,53.3,NA,41.6,NA,NA,0.131,NA,0,4.032,"Transparent"
"TASH034","Tashkent","Chach","Red","Slipware - Samanid","N/A",2.99,NA,NA,0.961,NA,NA,NA,NA,1.27,0.639,NA,NA,NA,NA,NA,NA,51.9,NA,42,NA,NA,0.232,NA,0,4.59,"Transparent"
"TASH034","Tashkent","Chach","Transparent","Slipware - Samanid","N/A",3.21,NA,NA,0.591,NA,NA,NA,NA,0.419,0.721,NA,NA,NA,0.0119,NA,NA,53,NA,42,NA,NA,0.0587,NA,0,4.5339,"Transparent"
"TASH035","Tashkent","Chach","Olive","Slipware - Samanid","N/A",4.41,NA,NA,1.37,NA,NA,0.44,0.0538,0.343,1.64,0.642,NA,NA,0.348,NA,0.414,52,NA,38.4,NA,NA,NA,NA,0,8.41,"Transparent"
"TASH035","Tashkent","Chach","Red","Slipware - Samanid","N/A",3.22,NA,NA,0.725,NA,NA,0.822,0.308,0.181,0.497,0.16,NA,NA,NA,NA,NA,55.9,NA,38.2,NA,NA,NA,NA,0,4.602,"Transparent"
"TASH035","Tashkent","Chach","Transparent","Slipware - Samanid","N/A",3.93,NA,NA,0.618,NA,NA,NA,NA,0.535,0.376,0.546,NA,NA,0.432,NA,0.318,55.6,NA,37.7,NA,NA,NA,NA,0,5.902,"Transparent"
"TASH040","Tashkent","Chach","Black","Slipware - Qarakhanid","TASH",4.16,NA,NA,2.08,NA,NA,0.458,NA,7.05,0.777,0.193,NA,NA,NA,NA,NA,51.9,NA,33.4,NA,NA,NA,NA,0,7.21,"Transparent"
"TASH040","Tashkent","Chach","Yellow","Slipware - Qarakhanid","TASH",3.91,NA,NA,0.936,NA,NA,0.0643,0.551,0.736,0.996,0.306,0.307,NA,0.142,NA,NA,53.3,NA,38.8,NA,NA,NA,NA,0,6.29,"Transparent"
"TASH042","Tashkent","Chach","Brown","Slipware - Qarakhanid","TASH",3.11,NA,NA,0.632,NA,NA,0.57,NA,0.559,0.341,0.617,NA,NA,0.31,NA,NA,56.7,NA,37.1,NA,NA,NA,NA,0,5.01,"Transparent"
"TASH042","Tashkent","Chach","Yellow","Slipware - Qarakhanid","TASH",2.96,NA,NA,0.743,NA,NA,0.104,NA,0.194,0.277,0.411,NA,NA,0.346,NA,NA,61.6,NA,33.2,NA,NA,0.103,NA,0,4.737,"Transparent"
"TASH045","Tashkent","Chach","Brown","Slipware - Qarakhanid","TASH",3.48,NA,NA,0.71,NA,NA,NA,NA,0.63,0.343,0.473,NA,NA,0.312,NA,NA,59.2,NA,34.8,NA,NA,NA,NA,0,5.318,"Transparent"
"TASH045","Tashkent","Chach","Yellow","Slipware - Qarakhanid","TASH",3.25,NA,NA,0.922,NA,NA,0.104,NA,0.516,0.655,0.177,NA,NA,NA,NA,NA,58.6,NA,35.7,NA,NA,0.0743,NA,0,5.004,"Transparent"
"TASH046","Tashkent","Chach","Brown","Slipware - Qarakhanid","N/A",4.01,NA,NA,0.804,NA,NA,NA,0.277,1.59,0.938,NA,0.228,NA,0.0596,NA,NA,55.8,NA,36.3,NA,NA,NA,NA,0,5.8116,"Transparent"
"TASH046","Tashkent","Chach","Olive","Slipware - Qarakhanid","N/A",3.08,NA,NA,0.716,NA,NA,0.671,NA,0.431,0.329,1.02,NA,NA,NA,NA,NA,57.2,NA,36.6,NA,NA,NA,NA,0,5.145,"Transparent"
"TASH046","Tashkent","Chach","Yellow","Slipware - Qarakhanid","N/A",4.16,NA,NA,0.268,NA,NA,0.229,NA,0.28,0.178,0.563,NA,NA,0.0587,NA,NA,56.9,NA,37.3,NA,NA,NA,NA,0,5.2277,"Transparent"
"TASH051","Tashkent","Chach","Black","Slipware - Samanid","TASH",6.67,NA,NA,0.762,NA,NA,NA,NA,4.88,0.857,0.408,NA,NA,0.521,NA,NA,49.3,NA,36.6,NA,NA,NA,NA,0,9.218,"Transparent"
"TASH051","Tashkent","Chach","Brown","Slipware - Samanid","TASH",6.8,NA,NA,3.81,NA,NA,NA,NA,1.43,1.47,0.917,NA,NA,1.05,NA,0.221,39.7,NA,44.6,NA,NA,NA,NA,0,14.047,"Transparent"
"TASH051","Tashkent","Chach","Transparent","Slipware - Samanid","TASH",6.79,NA,NA,1.43,NA,NA,NA,NA,0.457,2.14,0.441,NA,NA,0.933,NA,0.183,41.5,NA,46,NA,NA,0.074,NA,0,11.734,"Transparent"
"TASH052","Tashkent","Chach","Brown","Slipware - Samanid","N/A",4.82,NA,NA,0.858,NA,NA,NA,NA,1.63,1.15,NA,1.24,NA,NA,NA,NA,45.4,NA,44.6,NA,NA,0.322,NA,0,6.828,"Transparent"
"TASH052","Tashkent","Chach","Transparent","Slipware - Samanid","N/A",5.3,NA,NA,1.84,NA,NA,NA,NA,0.0112,1.9,0.577,NA,NA,0.117,NA,NA,41.5,NA,48.2,NA,NA,0.61,NA,0,9.734,"Transparent"
"TASH058","Tashkent","Chach","Brown","Splashed","N/A",1.81,NA,NA,1.53,NA,NA,NA,NA,1,0.363,NA,1.73,NA,NA,NA,NA,58.2,NA,35.4,NA,NA,NA,NA,0,3.703,"Transparent"
"TASH058","Tashkent","Chach","Green","Splashed","N/A",2.19,NA,NA,1.23,NA,NA,NA,3.22,0.308,0.566,0.279,NA,NA,0.203,NA,NA,55.5,NA,36.5,NA,NA,NA,NA,0,4.468,"Transparent"
"TASH058","Tashkent","Chach","Transparent","Splashed","N/A",6.61,NA,NA,3.95,NA,NA,NA,NA,1.58,1.25,1.04,NA,NA,0.572,NA,0.284,43.3,NA,41.4,NA,NA,NA,NA,0,13.422,"Transparent"
"TASH059","Tashkent","Chach","Transparent","Slipware - Samanid","TASH",3.63,NA,NA,0.627,NA,NA,NA,NA,0.399,0.965,0.314,NA,NA,0.383,NA,NA,50.6,NA,43.1,NA,NA,NA,NA,0,5.919,"Transparent"
"TASH060","Tashkent","Chach","Red","Slipware - Qarakhanid","N/A",3.01,NA,NA,1.22,NA,NA,NA,NA,0.866,1.84,0.174,NA,NA,0.401,NA,NA,51.5,NA,40.9,NA,NA,NA,NA,0,6.645,"Transparent"
"TASH060","Tashkent","Chach","Transparent","Slipware - Qarakhanid","N/A",3.63,NA,NA,1.25,NA,NA,0.434,NA,0.573,1.27,0.362,NA,NA,0.588,NA,NA,50.5,NA,41.2,NA,NA,0.146,NA,0,7.1,"Transparent"
"TASH064","Tashkent","Chach","Black","Slipware - Samanid","N/A",4.79,NA,NA,0.495,NA,NA,NA,NA,1.45,0.572,0.572,0.791,NA,0.419,NA,NA,47.3,NA,43.3,NA,NA,0.23,NA,0,6.848,"Transparent"
"TASH064","Tashkent","Chach","Transparent","Slipware - Samanid","N/A",4.58,NA,NA,0.729,NA,NA,NA,NA,0.279,0.847,0.158,NA,NA,NA,NA,NA,50.7,NA,42.2,NA,NA,0.536,NA,0,6.314,"Transparent"
"TAZ001","Taraz","Talas Valley","Red","Slipware - Qarakhanid","TAZ - Group 3",4.76,NA,NA,1.74,NA,NA,0.253,NA,1.48,0.866,0.934,NA,NA,0.689,NA,NA,53,NA,36.2,NA,NA,NA,NA,0,8.989,"Transparent"
"TAZ001","Taraz","Talas Valley","Transparent","Slipware - Qarakhanid","TAZ - Group 3",3.45,NA,NA,1.62,NA,NA,NA,NA,0.813,0.867,NA,NA,NA,NA,NA,NA,57.1,NA,35.7,NA,NA,0.483,NA,0,5.937,"Transparent"
"TAZ003","Taraz","Talas Valley","Brown","Slipware - Qarakhanid","TASH",3.35,NA,NA,1.51,NA,NA,0.671,0.674,0.397,0.691,0.468,NA,NA,0.107,NA,NA,55.7,NA,36.5,NA,NA,NA,NA,0,6.126,"Transparent"
"TAZ003","Taraz","Talas Valley","Red","Slipware - Qarakhanid","TASH",4.72,NA,NA,1.14,NA,NA,NA,NA,0.915,0.0749,0.413,NA,NA,NA,NA,NA,59.2,NA,33.6,NA,NA,NA,NA,0,6.3479,"Transparent"
"TAZ006","Taraz","Talas Valley","Brown","Slipware - Qarakhanid","TASH",3.2,NA,NA,0.754,NA,NA,0.607,0.188,0.784,0.33,0.557,NA,NA,0.202,NA,NA,56.3,NA,37,NA,NA,NA,NA,0,5.043,"Transparent"
"TAZ006","Taraz","Talas Valley","Yellow","Slipware - Qarakhanid","TASH",3.19,NA,NA,0.996,NA,NA,NA,NA,0.538,0.622,0.207,NA,NA,0.096,NA,NA,58.8,0.107,35.4,NA,NA,NA,NA,0,5.111,"Transparent"
"TS1","Termez","Transoxiana","","Opaque","Imported",2.09,NA,NA,2.59,NA,NA,NA,NA,1.39,3.39,0.797,NA,NA,2.39,NA,NA,34.3,NA,48.3,4.78,NA,NA,NA,0,11.257,"Opaque"
"TS2","Termez","Transoxiana","","Underglaze","Local Group A",3.7,NA,NA,1.8,NA,NA,NA,0.2,3.4,1.8,0.599,0.799,NA,1.4,NA,NA,45.3,NA,41.1,NA,NA,NA,NA,0,9.299,"Transparent"
"TS3","Termez","Transoxiana","Green","Monochrome","Local Group A",2.7,NA,NA,3,NA,NA,NA,2.7,1.2,1.1,0.501,0,NA,0.701,NA,NA,54.2,NA,33.9,NA,NA,NA,NA,0,8.002,"Transparent"
"TS4","Termez","Transoxiana","","Alkali","Local Group A",11.1,NA,NA,2.72,NA,NA,NA,0.705,0.504,7.35,1.51,0.302,NA,8.06,NA,NA,0.201,NA,67.6,NA,NA,NA,NA,0,30.74,"Opaque"
"TS5","Termez","Transoxiana","Blue","Alkali","Local Group A",3.41,NA,NA,3.71,NA,NA,NA,5.12,0.802,4.41,2.21,0,NA,12.3,NA,NA,0.1,NA,67.9,NA,NA,NA,NA,0,26.04,"Opaque"
"TS6","Termez","Transoxiana","Blue","Alkali","Local Group A",4.32,NA,NA,4.32,NA,NA,NA,4.12,1,5.82,2.11,0.301,NA,8.73,NA,NA,0.301,NA,69,NA,NA,NA,NA,0,25.3,"Opaque"
"TS7","Termez","Transoxiana","Blue","Alkali","Local Group A",4.54,NA,NA,4.84,NA,NA,NA,NA,0.504,5.44,2.52,NA,NA,7.16,NA,NA,0.202,NA,74.8,NA,NA,NA,NA,0,24.5,"Opaque"
"TS8","Termez","Transoxiana","","Alkali","Local Group A",2.72,NA,NA,5.04,NA,NA,NA,1.61,7.96,3.83,2.92,NA,NA,7.25,NA,NA,0,NA,68.7,NA,NA,NA,NA,0,21.76,"Opaque"
"Tashkent 10","Tashkent","Chach","Black","Slipware",NA,2.4,NA,NA,0,NA,NA,NA,NA,1.62,1,0,0.4,NA,0,NA,NA,54.9,NA,39.6,NA,NA,NA,NA,0,3.4,"Transparent"
"Tashkent 10","Tashkent","Chach","Red","Slipware",NA,4.1,NA,NA,0,NA,NA,NA,NA,0.54,0.7,0,0,NA,0,NA,NA,54.4,NA,40.2,NA,NA,NA,NA,0,4.8,"Transparent"
"Tashkent 10","Tashkent","Chach","Transparent","Slipware",NA,2.5,NA,NA,0.1,NA,NA,NA,NA,0,1.9,0,0,NA,0.4,NA,NA,52.5,NA,42.6,NA,NA,NA,NA,0,4.9,"Transparent"
"Tashkent 15","Tashkent","Chach","Green","Monochrome",NA,3.61,NA,NA,2.41,NA,NA,NA,2.91,0.992,1.7,0.501,NA,NA,0,NA,NA,50.2,NA,37.7,NA,NA,NA,NA,0,8.221,"Transparent"
"Tashkent 18","Tashkent","Chach","Black","Slipware",NA,2,NA,NA,0.2,NA,NA,NA,NA,1.53,0.801,0.1,0.501,NA,0,NA,NA,60.2,NA,34.7,NA,NA,NA,NA,0,3.101,"Transparent"
"Tashkent 18","Tashkent","Chach","Transparent","Slipware",NA,2.3,NA,NA,0.0999,NA,NA,NA,NA,0,0.599,0,0,NA,0,NA,NA,62.2,NA,34.8,NA,NA,NA,NA,0,2.9989,"Transparent"
"Tashkent 2","Tashkent","Chach","Green","Ishkor",NA,4.7,NA,NA,3.3,0.1,NA,NA,2.5,0.27,4.4,0.9,0,NA,3.7,NA,NA,16.4,NA,63.7,NA,NA,0,NA,0,17,"Opaque"
"Tashkent 2","Tashkent","Chach","Lilac","Ishkor",NA,5.9,NA,NA,3.5,0.2,NA,NA,0,0.72,6.4,1.5,0.1,NA,4.9,NA,NA,1.4,NA,75.3,NA,NA,0.1,NA,0,22.2,"Opaque"
"Tashkent 24","Tashkent","Chach","Black","Slipware",NA,2.4,NA,NA,0.4,NA,NA,NA,NA,0.63,1,0.1,0.6,NA,0.2,NA,NA,57.4,NA,37.3,NA,NA,NA,NA,0,4.1,"Transparent"
"Tashkent 24","Tashkent","Chach","Transparent","Slipware",NA,2.1,NA,NA,0.3,NA,NA,NA,NA,0,0.701,0,0,NA,0,NA,NA,59.6,NA,37.3,NA,NA,NA,NA,0,3.101,"Transparent"
"Tashkent 32","Tashkent","Chach","Red","Slipware",NA,2.4,NA,NA,0.2,NA,NA,NA,NA,0,0.501,0,NA,NA,0,NA,NA,57,NA,39.9,NA,NA,NA,NA,0,3.101,"Transparent"
"Tashkent 4","Tashkent","Chach","Green","Ishkor",NA,3.7,NA,NA,3.8,NA,NA,NA,7.21,0.27,3.6,1.1,0,NA,3.3,NA,0,15.1,NA,61.8,NA,0.1,0,NA,0,15.5,"Opaque"
"Tashkent 4","Tashkent","Chach","Lilac","Ishkor",NA,3.8,NA,NA,3.8,NA,NA,NA,0,0.54,4.1,1.5,0.1,NA,4.3,NA,0,8.4,NA,73.4,NA,0.1,0,NA,0,17.5,"Opaque"
